Workbook
Name _01___04月___生産_計劃__對___實績: #REF!
Name _01___04月___生産_計劃__對___實績: #REF!
Name _01___04月___生産_計劃__對___實績: #REF!
Name _01_02월: #REF!
Name _01_02월: #REF!
Name _1_3_0Crite: #REF!
Name _1_3_0Crite: #REF!
Name _2_3_0Criteria: #REF!
Name _2_3_0Criteria: #REF!
Name _3G_0Extr: #REF!
Name _3G_0Extr: #REF!
Name _4G_0Extract: #REF!
Name _4G_0Extract: #REF!
Name _Order1: 0
Name _Order2: 0
Name _PR1: [2]npv!#REF!
Name _PR1: [2]npv!#REF!
Name _PR2: [2]npv!#REF!
Name _PR2: [2]npv!#REF!
Name _PR3: [2]npv!#REF!
Name _PR3: [2]npv!#REF!
Name _PR4: #N/A
Name _Regression_Int: 1
Name \a: #N/A
Name \c: #REF!
Name \c: #REF!
Name \e: #N/A
Name \m: #N/A
Name \p: #N/A
Name \q: #N/A
Name \r: #N/A
Name \w: #N/A
Name \y: #REF!
Name \y: #REF!
Name \z: #REF!
Name \z: #REF!
Name a: #REF!
Name a: #REF!
Name aa: #N/A
Name aaa: #REF!
Name aaa: #REF!
Name AAAA: #REF!
Name AAAA: #REF!
Name AAAAA: #REF!
Name AAAAA: #REF!
Name AAAAAAAAA: [3]일일특이사항!#REF!
Name AAAAAAAAA: [3]일일특이사항!#REF!
Name Access_Button: "업체현황_카드발송_List"
Name Access_Button1: "업체현황_카드발송_List"
Name Access_Button2: "업체현황_카드발송_List"
Name Access_Button3: "카드발송_카드발송_List1"
Name Access_Button4: "업체현황_카드발송_List"
Name AccessDatabase: "C:\생산판매\long98\9802장판원본.mdb"
Name ASDF: OFFSET(#REF!,,[4]!스크롤,1,13)
Name ASDF: OFFSET(#REF!,,[4]!스크롤,1,13)
Name asdfadsfa: #REF!
Name asdfadsfa: #REF!
Name assadad: #REF!
Name assadad: #REF!
Name asss: #REF!

Sheet Total
C2: 작업 | D2: Crane 종류 | E2: 챔버 | F2: 세부 작업 항목 | G2: 일정
AC3: 26년 11월 | BG3: 26년 12월 | CL3: 27년 1월 | DQ3: 27년 2월 | ES3: 27년 3월 | FX3: 27년 4월 | HB3: 27년 5월 | IG3: 27년 6월 | JK3: 27년 7월 | KP3: 27년 8월 | LU3: 27년 9월
G5: 날짜 | H5: 진행률 | I5: 26' 6월 | M5: 26' 7월 | Q5: 26' 8월 | U5: 26' 9월 | Y5: 26' 10월 | AC5: 46327 | AD5: 46328 | AE5: 46329 | AF5: 46330 | AG5: 46331 | AH5: 46332 | AI5: 46333 | AJ5: 46334 | AK5: 46335 | AL5: 46336 | AM5: 46337 | AN5: 46338 | AO5: 46339 | AP5: 46340 | AQ5: 46341 | AR5: 46342 | AS5: 46343 | AT5: 46344 | AU5: 46345 | AV5: 46346 | AW5: 46347 | AX5: 46348 | AY5: 46349 | AZ5: 46350 | BA5: 46351 | BB5: 46352 | BC5: 46353 | BD5: 46354 | BE5: 46355 | BF5: 46356 | BG5: 46357 | BH5: 46358 | BI5: 46359 | BJ5: 46360 | BK5: 46361 | BL5: 46362 | BM5: 46363 | BN5: 46364 | BO5: 46365 | BP5: 46366 | BQ5: 46367 | BR5: 46368 | BS5: 46369 | BT5: 46370 | BU5: 46371 | BV5: 46372 | BW5: 46373 | BX5: 46374 | BY5: 46375 | BZ5: 46376 | CA5: 46377 | CB5: 46378 | CC5: 46379 | CD5: 46380 | CE5: 46381 | CF5: 46382 | CG5: 46383 | CH5: 46384 | CI5: 46385 | CJ5: 46386 | CK5: 46387 | CL5: 46388 | CM5: 46389 | CN5: 46390 | CO5: 46391 | CP5: 46392 | CQ5: 46393 | CR5: 46394 | CS5: 46395 | CT5: 46396 | CU5: 46397 | CV5: 46398 | CW5: 46399 | CX5: 46400 | CY5: 46401 | CZ5: 46402 | DA5: 46403 | DB5: 46404 | DC5: 46405 | DD5: 46406 | DE5: 46407 | DF5: 46408 | DG5: 46409 | DH5: 46410 | DI5: 46411 | DJ5: 46412 | DK5: 46413 | DL5: 46414 | DM5: 46415 | DN5: 46416 | DO5: 46417 | DP5: 46418 | DQ5: 46419 | DR5: 46420 | DS5: 46421 | DT5: 46422 | DU5: 46423 | DV5: 46424 | DW5: 46425 | DX5: 46426 | DY5: 46427 | DZ5: 46428 | EA5: 46429 | EB5: 46430 | EC5: 46431 | ED5: 46432 | EE5: 46433 | EF5: 46434 | EG5: 46435 | EH5: 46436 | EI5: 46437 | EJ5: 46438 | EK5: 46439 | EL5: 46440 | EM5: 46441 | EN5: 46442 | EO5: 46443 | EP5: 46444 | EQ5: 46445 | ER5: 46446 | ES5: 46447 | ET5: 46448 | EU5: 46449 | EV5: 46450 | EW5: 46451 | EX5: 46452 | EY5: 46453 | EZ5: 46454 | FA5: 46455 | FB5: 46456 | FC5: 46457 | FD5: 46458 | FE5: 46459 | FF5: 46460 | FG5: 46461 | FH5: 46462 | FI5: 46463 | FJ5: 46464 | FK5: 46465 | FL5: 46466 | FM5: 46467 | FN5: 46468 | FO5: 46469 | FP5: 46470 | FQ5: 46471 | FR5: 46472 | FS5: 46473 | FT5: 46474 | FU5: 46475 | FV5: 46476 | FW5: 46477 | FX5: 46478 | FY5: 46479 | FZ5: 46480 | GA5: 46481 | GB5: 46482 | GC5: 46483 | GD5: 46484 | GE5: 46485 | GF5: 46486 | GG5: 46487 | GH5: 46488 | GI5: 46489 | GJ5: 46490 | GK5: 46491 | GL5: 46492 | GM5: 46493 | GN5: 46494 | GO5: 46495 | GP5: 46496 | GQ5: 46497 | GR5: 46498 | GS5: 46499 | GT5: 46500 | GU5: 46501 | GV5: 46502 | GW5: 46503 | GX5: 46504 | GY5: 46505 | GZ5: 46506 | HA5: 46507 | HB5: 46508 | HC5: 46509 | HD5: 46510 | HE5: 46511 | HF5: 46512 | HG5: 46513 | HH5: 46514 | HI5: 46515 | HJ5: 46516 | HK5: 46517 | HL5: 46518 | HM5: 46519 | HN5: 46520 | HO5: 46521 | HP5: 46522 | HQ5: 46523 | HR5: 46524 | HS5: 46525 | HT5: 46526 | HU5: 46527 | HV5: 46528 | HW5: 46529 | HX5: 46530 | HY5: 46531 | HZ5: 46532 | IA5: 46533 | IB5: 46534 | IC5: 46535 | ID5: 46536 | IE5: 46537 | IF5: 46538 | IG5: 46539 | IH5: 46540 | II5: 46541 | IJ5: 46542 | IK5: 46543 | IL5: 46544 | IM5: 46545 | IN5: 46546 | IO5: 46547 | IP5: 46548 | IQ5: 46549 | IR5: 46550 | IS5: 46551 | IT5: 46552 | IU5: 46553 | IV5: 46554 | IW5: 46555 | IX5: 46556 | IY5: 46557 | IZ5: 46558 | JA5: 46559 | JB5: 46560 | JC5: 46561 | JD5: 46562 | JE5: 46563 | JF5: 46564 | JG5: 46565 | JH5: 46566 | JI5: 46567 | JJ5: 46568 | JK5: 46569 | JL5: 46570 | JM5: 46571 | JN5: 46572 | JO5: 46573 | JP5: 46574 | JQ5: 46575 | JR5: 46576 | JS5: 46577 | JT5: 46578 | JU5: 46579 | JV5: 46580 | JW5: 46581 | JX5: 46582 | JY5: 46583 | JZ5: 46584 | KA5: 46585 | KB5: 46586 | KC5: 46587 | KD5: 46588 | KE5: 46589 | KF5: 46590 | KG5: 46591 | KH5: 46592 | KI5: 46593 | KJ5: 46594 | KK5: 46595 | KL5: 46596 | KM5: 46597 | KN5: 46598 | KO5: 46599 | KP5: 46600 | KQ5: 46601 | KR5: 46602 | KS5: 46603 | KT5: 46604 | KU5: 46605 | KV5: 46606 | KW5: 46607 | KX5: 46608 | KY5: 46609 | KZ5: 46610 | LA5: 46611 | LB5: 46612 | LC5: 46613 | LD5: 46614 | LE5: 46615 | LF5: 46616 | LG5: 46617 | LH5: 46618 | LI5: 46619 | LJ5: 46620 | LK5: 46621 | LL5: 46622 | LM5: 46623 | LN5: 46624 | LO5: 46625 | LP5: 46626 | LQ5: 46627 | LR5: 46628 | LS5: 46629 | LT5: 46630 | LU5: 46631 | LV5: 46632 | LW5: 46633 | LX5: 46634 | LY5: 46635 | LZ5: 46636 | MA5: 46637 | MB5: 46638 | MC5: 46639 | MD5: 46640 | ME5: 46641
G6: 요일 | I6: 1주 | J6: 2주 | K6: 3주 | L6: 4주 | M6: 1주 | N6: 2주 | O6: 3주 | P6: 4주 | Q6: 1주 | R6: 2주 | S6: 3주 | T6: 4주 | U6: 1주 | V6: 2주 | W6: 3주 | X6: 4주 | Y6: 1주 | Z6: 2주 | AA6: 3주 | AB6: 4주 | AC6: 일 | AD6: 월 | AE6: 화 | AF6: 수 | AG6: 목 | AH6: 금 | AI6: 토 | AJ6: 일 | AK6: 월 | AL6: 화 | AM6: 수 | AN6: 목 | AO6: 금 | AP6: 토 | AQ6: 일 | AR6: 월 | AS6: 화 | AT6: 수 | AU6: 목 | AV6: 금 | AW6: 토 | AX6: 일 | AY6: 월 | AZ6: 화 | BA6: 수 | BB6: 목 | BC6: 금 | BD6: 토 | BE6: 일 | BF6: 월 | BG6: 화 | BH6: 수 | BI6: 목 | BJ6: 금 | BK6: 토 | BL6: 일 | BM6: 월 | BN6: 화 | BO6: 수 | BP6: 목 | BQ6: 금 | BR6: 토 | BS6: 일 | BT6: 월 | BU6: 화 | BV6: 수 | BW6: 목 | BX6: 금 | BY6: 토 | BZ6: 일 | CA6: 월 | CB6: 화 | CC6: 수 | CD6: 목 | CE6: 금 | CF6: 토 | CG6: 일 | CH6: 월 | CI6: 화 | CJ6: 수 | CK6: 목 | CL6: 금 | CM6: 토 | CN6: 일 | CO6: 월 | CP6: 화 | CQ6: 수 | CR6: 목 | CS6: 금 | CT6: 토 | CU6: 일 | CV6: 월 | CW6: 화 | CX6: 수 | CY6: 목 | CZ6: 금 | DA6: 토 | DB6: 일 | DC6: 월 | DD6: 화 | DE6: 수 | DF6: 목 | DG6: 금 | DH6: 토 | DI6: 일 | DJ6: 월 | DK6: 화 | DL6: 수 | DM6: 목 | DN6: 금 | DO6: 토 | DP6: 일 | DQ6: 월 | DR6: 화 | DS6: 수 | DT6: 목 | DU6: 금 | DV6: 토 | DW6: 일 | DX6: 월 | DY6: 화 | DZ6: 수 | EA6: 목 | EB6: 금 | EC6: 토 | ED6: 일 | EE6: 월 | EF6: 화 | EG6: 수 | EH6: 목 | EI6: 금 | EJ6: 토 | EK6: 일 | EL6: 월 | EM6: 화 | EN6: 수 | EO6: 목 | EP6: 금 | EQ6: 토 | ER6: 일 | ES6: 월 | ET6: 화 | EU6: 수 | EV6: 목 | EW6: 금 | EX6: 토 | EY6: 일 | EZ6: 월 | FA6: 화 | FB6: 수 | FC6: 목 | FD6: 금 | FE6: 토 | FF6: 일 | FG6: 월 | FH6: 화 | FI6: 수 | FJ6: 목 | FK6: 금 | FL6: 토 | FM6: 일 | FN6: 월 | FO6: 화 | FP6: 수 | FQ6: 목 | FR6: 금 | FS6: 토 | FT6: 일 | FU6: 월 | FV6: 화 | FW6: 수 | FX6: 목 | FY6: 금 | FZ6: 토 | GA6: 일 | GB6: 월 | GC6: 화 | GD6: 수 | GE6: 목 | GF6: 금 | GG6: 토 | GH6: 일 | GI6: 월 | GJ6: 화 | GK6: 수 | GL6: 목 | GM6: 금 | GN6: 토 | GO6: 일 | GP6: 월 | GQ6: 화 | GR6: 수 | GS6: 목 | GT6: 금 | GU6: 토 | GV6: 일 | GW6: 월 | GX6: 화 | GY6: 수 | GZ6: 목 | HA6: 금 | HB6: 토 | HC6: 일 | HD6: 월 | HE6: 화 | HF6: 수 | HG6: 목 | HH6: 금 | HI6: 토 | HJ6: 일 | HK6: 월 | HL6: 화 | HM6: 수 | HN6: 목 | HO6: 금 | HP6: 토 | HQ6: 일 | HR6: 월 | HS6: 화 | HT6: 수 | HU6: 목 | HV6: 금 | HW6: 토 | HX6: 일 | HY6: 월 | HZ6: 화 | IA6: 수 | IB6: 목 | IC6: 금 | ID6: 토 | IE6: 일 | IF6: 월 | IG6: 화 | IH6: 수 | II6: 목 | IJ6: 금 | IK6: 토 | IL6: 일 | IM6: 월 | IN6: 화 | IO6: 수 | IP6: 목 | IQ6: 금 | IR6: 토 | IS6: 일 | IT6: 월 | IU6: 화 | IV6: 수 | IW6: 목 | IX6: 금 | IY6: 토 | IZ6: 일 | JA6: 월 | JB6: 화 | JC6: 수 | JD6: 목 | JE6: 금 | JF6: 토 | JG6: 일 | JH6: 월 | JI6: 화 | JJ6: 수 | JK6: 목 | JL6: 금 | JM6: 토 | JN6: 일 | JO6: 월 | JP6: 화 | JQ6: 수 | JR6: 목 | JS6: 금 | JT6: 토 | JU6: 일 | JV6: 월 | JW6: 화 | JX6: 수 | JY6: 목 | JZ6: 금 | KA6: 토 | KB6: 일 | KC6: 월 | KD6: 화 | KE6: 수 | KF6: 목 | KG6: 금 | KH6: 토 | KI6: 일 | KJ6: 월 | KK6: 화 | KL6: 수 | KM6: 목 | KN6: 금 | KO6: 토 | KP6: 일 | KQ6: 월 | KR6: 화 | KS6: 수 | KT6: 목 | KU6: 금 | KV6: 토 | KW6: 일 | KX6: 월 | KY6: 화 | KZ6: 수 | LA6: 목 | LB6: 금 | LC6: 토 | LD6: 일 | LE6: 월 | LF6: 화 | LG6: 수 | LH6: 목 | LI6: 금 | LJ6: 토 | LK6: 일 | LL6: 월 | LM6: 화 | LN6: 수 | LO6: 목 | LP6: 금 | LQ6: 토 | LR6: 일 | LS6: 월 | LT6: 화 | LU6: 수 | LV6: 목 | LW6: 금 | LX6: 토 | LY6: 일 | LZ6: 월 | MA6: 화 | MB6: 수 | MC6: 목 | MD6: 금 | ME6: 토
C7: 전장 작업 | F7: Local parts & Sensor cable 포설 | G7: 계획 | H7: 0 | I7: 0 | J7: 0 | K7: 0 | L7: 0 | M7: 0 | N7: 0 | O7: 0 | P7: 0 | Q7: 0 | R7: 0 | S7: 0 | T7: 0 | U7: 0 | V7: 0 | W7: 0 | X7: 0 | Y7: 0 | Z7: 0 | AA7: 0 | AB7: 0 | AC7: 0 | AD7: 0 | AE7: 0 | AF7: 0 | AG7: 0 | AH7: 0 | AI7: 0 | AJ7: 0 | AK7: 0 | AL7: 0 | AM7: 0 | AN7: 0 | AO7: 0 | AP7: 0 | AQ7: 0 | AR7: 0 | AS7: 0 | AT7: 0 | AU7: 0 | AV7: 0 | AW7: 0 | AX7: 0 | AY7: 0 | AZ7: 0 | BA7: 0 | BB7: 0 | BC7: 0 | BD7: 0 | BE7: 0 | BF7: 0 | BG7: 0 | BH7: 0 | BI7: 0 | BJ7: 2 | BK7: 2 | BL7: 0 | BM7: 0 | BN7: 0 | BO7: 0 | BP7: 0 | BQ7: 0 | BR7: 0 | BS7: 0 | BT7: 0 | BU7: 0 | BV7: 0 | BW7: 0 | BX7: 0 | BY7: 0 | BZ7: 0 | CA7: 0 | CB7: 0 | CC7: 0 | CD7: 0 | CE7: 0 | CF7: 0 | CG7: 0 | CH7: 0 | CI7: 0 | CJ7: 0 | CK7: 0 | CL7: 0 | CM7: 0 | CN7: 0 | CO7: 0 | CP7: 0 | CQ7: 0 | CR7: 0 | CS7: 0 | CT7: 0 | CU7: 0 | CV7: 0 | CW7: 0 | CX7: 0 | CY7: 0 | CZ7: 0 | DA7: 0 | DB7: 0 | DC7: 0 | DD7: 0 | DE7: 0 | DF7: 0 | DG7: 0 | DH7: 0 | DI7: 0 | DJ7: 0 | DK7: 0 | DL7: 0 | DM7: 0 | DN7: 0 | DO7: 0 | DP7: 0 | DQ7: 0 | DR7: 0 | DS7: 0 | DT7: 0 | DU7: 0 | DV7: 0 | DW7: 0 | DX7: 0 | DY7: 0 | DZ7: 0 | EA7: 0 | EB7: 0 | EC7: 0 | ED7: 0 | EE7: 0 | EF7: 0 | EG7: 0 | EH7: 0 | EI7: 0 | EJ7: 0 | EK7: 0 | EL7: 0 | EM7: 0 | EN7: 0 | EO7: 0 | EP7: 0 | EQ7: 0 | ER7: 0 | ES7: 0 | ET7: 0 | EU7: 0 | EV7: 0 | EW7: 0 | EX7: 0 | EY7: 0 | EZ7: 0 | FA7: 0 | FB7: 0 | FC7: 0 | FD7: 0 | FE7: 0 | FF7: 0 | FG7: 0 | FH7: 0 | FI7: 0 | FJ7: 0 | FK7: 0 | FL7: 0 | FM7: 0 | FN7: 0 | FO7: 0 | FP7: 0 | FQ7: 0 | FR7: 0 | FS7: 0 | FT7: 0 | FU7: 0 | FV7: 0 | FW7: 0 | FX7: 0 | FY7: 0 | FZ7: 0 | GA7: 0 | GB7: 0 | GC7: 0 | GD7: 0 | GE7: 0 | GF7: 0 | GG7: 0 | GH7: 0 | GI7: 0 | GJ7: 0 | GK7: 0 | GL7: 0 | GM7: 0 | GN7: 0 | GO7: 0 | GP7: 0 | GQ7: 0 | GR7: 0 | GS7: 0 | GT7: 0 | GU7: 0 | GV7: 0 | GW7: 0 | GX7: 0 | GY7: 0 | GZ7: 0 | HA7: 0 | HB7: 0 | HC7: 0 | HD7: 0 | HE7: 0 | HF7: 0 | HG7: 0 | HH7: 0 | HI7: 0 | HJ7: 0 | HK7: 0 | HL7: 0 | HM7: 0 | HN7: 0 | HO7: 0 | HP7: 0 | HQ7: 0 | HR7: 0 | HS7: 0 | HT7: 0 | HU7: 0 | HV7: 0 | HW7: 0 | HX7: 0 | HY7: 0 | HZ7: 0 | IA7: 0 | IB7: 0 | IC7: 0 | ID7: 0 | IE7: 0 | IF7: 0 | IG7: 0 | IH7: 0 | II7: 0 | IJ7: 0 | IK7: 0 | IL7: 0 | IM7: 0 | IN7: 0 | IO7: 0 | IP7: 0 | IQ7: 0 | IR7: 0 | IS7: 0 | IT7: 0 | IU7: 0 | IV7: 0 | IW7: 0 | IX7: 0 | IY7: 0 | IZ7: 0 | JA7: 0 | JB7: 0 | JC7: 0 | JD7: 0 | JE7: 0 | JF7: 0 | JG7: 0 | JH7: 0 | JI7: 0 | JJ7: 0 | JK7: 0 | JL7: 0 | JM7: 0 | JN7: 0 | JO7: 0 | JP7: 0 | JQ7: 0 | JR7: 0 | JS7: 0 | JT7: 0 | JU7: 0 | JV7: 0 | JW7: 0 | JX7: 0 | JY7: 0 | JZ7: 0 | KA7: 0 | KB7: 0 | KC7: 0 | KD7: 0 | KE7: 0 | KF7: 0 | KG7: 0 | KH7: 0 | KI7: 0 | KJ7: 0 | KK7: 0 | KL7: 0 | KM7: 0 | KN7: 0 | KO7: 0 | KP7: 0 | KQ7: 0 | KR7: 0 | KS7: 0 | KT7: 0 | KU7: 0 | KV7: 0 | KW7: 0 | KX7: 0 | KY7: 0 | KZ7: 0 | LA7: 0 | LB7: 0 | LC7: 0 | LD7: 0 | LE7: 0 | LF7: 0 | LG7: 0 | LH7: 0 | LI7: 0 | LJ7: 0 | LK7: 0 | LL7: 0 | LM7: 0 | LN7: 0 | LO7: 0 | LP7: 0 | LQ7: 0 | LR7: 0 | LS7: 0 | LT7: 0 | LU7: 0 | LV7: 0 | LW7: 0 | LX7: 0 | LY7: 0 | LZ7: 0 | MA7: 0 | MB7: 0 | MC7: 0 | MD7: 0 | ME7: 0
G8: 실행
F9: Rack & ATM Box 내부 cable 포설 PM#1 (UVW /Review/ESC) | G9: 계획 | H9: 0 | I9: 0 | J9: 0 | K9: 0 | L9: 0 | M9: 0 | N9: 0 | O9: 0 | P9: 0 | Q9: 0 | R9: 0 | S9: 0 | T9: 0 | U9: 0 | V9: 0 | W9: 0 | X9: 0 | Y9: 0 | Z9: 0 | AA9: 0 | AB9: 0 | AC9: 0 | AD9: 1 | AE9: 1 | AF9: 1 | AG9: 0 | AH9: 0 | AI9: 0 | AJ9: 0 | AK9: 0 | AL9: 0 | AM9: 0 | AN9: 0 | AO9: 0 | AP9: 0 | AQ9: 0 | AR9: 0 | AS9: 0 | AT9: 0 | AU9: 0 | AV9: 0 | AW9: 0 | AX9: 0 | AY9: 0 | AZ9: 0 | BA9: 0 | BB9: 0 | BC9: 0 | BD9: 0 | BE9: 0 | BF9: 0 | BG9: 0 | BH9: 0 | BI9: 0 | BJ9: 0 | BK9: 0 | BL9: 0 | BM9: 2 | BN9: 2 | BO9: 2 | BP9: 2 | BQ9: 2 | BR9: 0 | BS9: 0 | BT9: 0 | BU9: 0 | BV9: 0 | BW9: 0 | BX9: 0 | BY9: 0 | BZ9: 0 | CA9: 0 | CB9: 0 | CC9: 0 | CD9: 0 | CE9: 0 | CF9: 0 | CG9: 0 | CH9: 0 | CI9: 0 | CJ9: 0 | CK9: 0 | CL9: 0 | CM9: 0 | CN9: 0 | CO9: 0 | CP9: 0 | CQ9: 0 | CR9: 0 | CS9: 0 | CT9: 0 | CU9: 0 | CV9: 0 | CW9: 0 | CX9: 0 | CY9: 0 | CZ9: 0 | DA9: 0 | DB9: 0 | DC9: 0 | DD9: 0 | DE9: 0 | DF9: 0 | DG9: 0 | DH9: 0 | DI9: 0 | DJ9: 0 | DK9: 0 | DL9: 0 | DM9: 0 | DN9: 0 | DO9: 0 | DP9: 0 | DQ9: 0 | DR9: 0 | DS9: 0 | DT9: 0 | DU9: 0 | DV9: 0 | DW9: 0 | DX9: 0 | DY9: 0 | DZ9: 0 | EA9: 0 | EB9: 0 | EC9: 0 | ED9: 0 | EE9: 0 | EF9: 0 | EG9: 0 | EH9: 0 | EI9: 0 | EJ9: 0 | EK9: 0 | EL9: 0 | EM9: 0 | EN9: 0 | EO9: 0 | EP9: 0 | EQ9: 0 | ER9: 0 | ES9: 0 | ET9: 0 | EU9: 0 | EV9: 0 | EW9: 0 | EX9: 0 | EY9: 0 | EZ9: 0 | FA9: 0 | FB9: 0 | FC9: 0 | FD9: 0 | FE9: 0 | FF9: 0 | FG9: 0 | FH9: 0 | FI9: 0 | FJ9: 0 | FK9: 0 | FL9: 0 | FM9: 0 | FN9: 0 | FO9: 0 | FP9: 0 | FQ9: 0 | FR9: 0 | FS9: 0 | FT9: 0 | FU9: 0 | FV9: 0 | FW9: 0 | FX9: 0 | FY9: 0 | FZ9: 0 | GA9: 0 | GB9: 0 | GC9: 0 | GD9: 0 | GE9: 0 | GF9: 0 | GG9: 0 | GH9: 0 | GI9: 0 | GJ9: 0 | GK9: 0 | GL9: 0 | GM9: 0 | GN9: 0 | GO9: 0 | GP9: 0 | GQ9: 0 | GR9: 0 | GS9: 0 | GT9: 0 | GU9: 0 | GV9: 0 | GW9: 0 | GX9: 0 | GY9: 0 | GZ9: 0 | HA9: 0 | HB9: 0 | HC9: 0 | HD9: 0 | HE9: 0 | HF9: 0 | HG9: 0 | HH9: 0 | HI9: 0 | HJ9: 0 | HK9: 0 | HL9: 0 | HM9: 0 | HN9: 0 | HO9: 0 | HP9: 0 | HQ9: 0 | HR9: 0 | HS9: 0 | HT9: 0 | HU9: 0 | HV9: 0 | HW9: 0 | HX9: 0 | HY9: 0 | HZ9: 0 | IA9: 0 | IB9: 0 | IC9: 0 | ID9: 0 | IE9: 0 | IF9: 0 | IG9: 0 | IH9: 0 | II9: 0 | IJ9: 0 | IK9: 0 | IL9: 0 | IM9: 0 | IN9: 0 | IO9: 0 | IP9: 0 | IQ9: 0 | IR9: 0 | IS9: 0 | IT9: 0 | IU9: 0 | IV9: 0 | IW9: 0 | IX9: 0 | IY9: 0 | IZ9: 0 | JA9: 0 | JB9: 0 | JC9: 0 | JD9: 0 | JE9: 0 | JF9: 0 | JG9: 0 | JH9: 0 | JI9: 0 | JJ9: 0 | JK9: 0 | JL9: 0 | JM9: 0 | JN9: 0 | JO9: 0 | JP9: 0 | JQ9: 0 | JR9: 0 | JS9: 0 | JT9: 0 | JU9: 0 | JV9: 0 | JW9: 0 | JX9: 0 | JY9: 0 | JZ9: 0 | KA9: 0 | KB9: 0 | KC9: 0 | KD9: 0 | KE9: 0 | KF9: 0 | KG9: 0 | KH9: 0 | KI9: 0 | KJ9: 0 | KK9: 0 | KL9: 0 | KM9: 0 | KN9: 0 | KO9: 0 | KP9: 0 | KQ9: 0 | KR9: 0 | KS9: 0 | KT9: 0 | KU9: 0 | KV9: 0 | KW9: 0 | KX9: 0 | KY9: 0 | KZ9: 0 | LA9: 0 | LB9: 0 | LC9: 0 | LD9: 0 | LE9: 0 | LF9: 0 | LG9: 0 | LH9: 0 | LI9: 0 | LJ9: 0 | LK9: 0 | LL9: 0 | LM9: 0 | LN9: 0 | LO9: 0 | LP9: 0 | LQ9: 0 | LR9: 0 | LS9: 0 | LT9: 0 | LU9: 0 | LV9: 0 | LW9: 0 | LX9: 0 | LY9: 0 | LZ9: 0 | MA9: 0 | MB9: 0 | MC9: 0 | MD9: 0 | ME9: 0
G10: 실행
F11: 챔버 내부 Gore cable 포설 | G11: 계획 | H11: 0 | I11: 0 | J11: 0 | K11: 0 | L11: 0 | M11: 0 | N11: 0 | O11: 0 | P11: 0 | Q11: 0 | R11: 0 | S11: 0 | T11: 0 | U11: 0 | V11: 0 | W11: 0 | X11: 0 | Y11: 0 | Z11: 0 | AA11: 0 | AB11: 0 | AC11: 0 | AD11: 0 | AE11: 0 | AF11: 0 | AG11: 1 | AH11: 1 | AI11: 1 | AJ11: 0 | AK11: 0 | AL11: 0 | AM11: 0 | AN11: 0 | AO11: 0 | AP11: 0 | AQ11: 0 | AR11: 0 | AS11: 0 | AT11: 0 | AU11: 0 | AV11: 0 | AW11: 0 | AX11: 0 | AY11: 0 | AZ11: 0 | BA11: 0 | BB11: 0 | BC11: 0 | BD11: 0 | BE11: 0 | BF11: 0 | BG11: 0 | BH11: 0 | BI11: 0 | BJ11: 0 | BK11: 0 | BL11: 0 | BM11: 0 | BN11: 0 | BO11: 0 | BP11: 0 | BQ11: 0 | BR11: 2 | BS11: 0 | BT11: 2 | BU11: 0 | BV11: 0 | BW11: 0 | BX11: 0 | BY11: 0 | BZ11: 0 | CA11: 0 | CB11: 0 | CC11: 0 | CD11: 0 | CE11: 0 | CF11: 0 | CG11: 0 | CH11: 0 | CI11: 0 | CJ11: 0 | CK11: 0 | CL11: 0 | CM11: 0 | CN11: 0 | CO11: 0 | CP11: 0 | CQ11: 0 | CR11: 0 | CS11: 0 | CT11: 0 | CU11: 0 | CV11: 0 | CW11: 0 | CX11: 0 | CY11: 0 | CZ11: 0 | DA11: 0 | DB11: 0 | DC11: 0 | DD11: 0 | DE11: 0 | DF11: 0 | DG11: 0 | DH11: 0 | DI11: 0 | DJ11: 0 | DK11: 0 | DL11: 0 | DM11: 0 | DN11: 0 | DO11: 0 | DP11: 0 | DQ11: 0 | DR11: 0 | DS11: 0 | DT11: 0 | DU11: 0 | DV11: 0 | DW11: 0 | DX11: 0 | DY11: 0 | DZ11: 0 | EA11: 0 | EB11: 0 | EC11: 0 | ED11: 0 | EE11: 0 | EF11: 0 | EG11: 0 | EH11: 0 | EI11: 0 | EJ11: 0 | EK11: 0 | EL11: 0 | EM11: 0 | EN11: 0 | EO11: 0 | EP11: 0 | EQ11: 0 | ER11: 0 | ES11: 0 | ET11: 0 | EU11: 0 | EV11: 0 | EW11: 0 | EX11: 0 | EY11: 0 | EZ11: 0 | FA11: 0 | FB11: 0 | FC11: 0 | FD11: 0 | FE11: 0 | FF11: 0 | FG11: 0 | FH11: 0 | FI11: 0 | FJ11: 0 | FK11: 0 | FL11: 0 | FM11: 0 | FN11: 0 | FO11: 0 | FP11: 0 | FQ11: 0 | FR11: 0 | FS11: 0 | FT11: 0 | FU11: 0 | FV11: 0 | FW11: 0 | FX11: 0 | FY11: 0 | FZ11: 0 | GA11: 0 | GB11: 0 | GC11: 0 | GD11: 0 | GE11: 0 | GF11: 0 | GG11: 0 | GH11: 0 | GI11: 0 | GJ11: 0 | GK11: 0 | GL11: 0 | GM11: 0 | GN11: 0 | GO11: 0 | GP11: 0 | GQ11: 0 | GR11: 0 | GS11: 0 | GT11: 0 | GU11: 0 | GV11: 0 | GW11: 0 | GX11: 0 | GY11: 0 | GZ11: 0 | HA11: 0 | HB11: 0 | HC11: 0 | HD11: 0 | HE11: 0 | HF11: 0 | HG11: 0 | HH11: 0 | HI11: 0 | HJ11: 0 | HK11: 0 | HL11: 0 | HM11: 0 | HN11: 0 | HO11: 0 | HP11: 0 | HQ11: 0 | HR11: 0 | HS11: 0 | HT11: 0 | HU11: 0 | HV11: 0 | HW11: 0 | HX11: 0 | HY11: 0 | HZ11: 0 | IA11: 0 | IB11: 0 | IC11: 0 | ID11: 0 | IE11: 0 | IF11: 0 | IG11: 0 | IH11: 0 | II11: 0 | IJ11: 0 | IK11: 0 | IL11: 0 | IM11: 0 | IN11: 0 | IO11: 0 | IP11: 0 | IQ11: 0 | IR11: 0 | IS11: 0 | IT11: 0 | IU11: 0 | IV11: 0 | IW11: 0 | IX11: 0 | IY11: 0 | IZ11: 0 | JA11: 0 | JB11: 0 | JC11: 0 | JD11: 0 | JE11: 0 | JF11: 0 | JG11: 0 | JH11: 0 | JI11: 0 | JJ11: 0 | JK11: 0 | JL11: 0 | JM11: 0 | JN11: 0 | JO11: 0 | JP11: 0 | JQ11: 0 | JR11: 0 | JS11: 0 | JT11: 0 | JU11: 0 | JV11: 0 | JW11: 0 | JX11: 0 | JY11: 0 | JZ11: 0 | KA11: 0 | KB11: 0 | KC11: 0 | KD11: 0 | KE11: 0 | KF11: 0 | KG11: 0 | KH11: 0 | KI11: 0 | KJ11: 0 | KK11: 0 | KL11: 0 | KM11: 0 | KN11: 0 | KO11: 0 | KP11: 0 | KQ11: 0 | KR11: 0 | KS11: 0 | KT11: 0 | KU11: 0 | KV11: 0 | KW11: 0 | KX11: 0 | KY11: 0 | KZ11: 0 | LA11: 0 | LB11: 0 | LC11: 0 | LD11: 0 | LE11: 0 | LF11: 0 | LG11: 0 | LH11: 0 | LI11: 0 | LJ11: 0 | LK11: 0 | LL11: 0 | LM11: 0 | LN11: 0 | LO11: 0 | LP11: 0 | LQ11: 0 | LR11: 0 | LS11: 0 | LT11: 0 | LU11: 0 | LV11: 0 | LW11: 0 | LX11: 0 | LY11: 0 | LZ11: 0 | MA11: 0 | MB11: 0 | MC11: 0 | MD11: 0 | ME11: 0
G12: 실행
F13: Ex 챔버 cable 포설 | G13: 계획 | H13: 0 | I13: 0 | J13: 0 | K13: 0 | L13: 0 | M13: 0 | N13: 0 | O13: 0 | P13: 0 | Q13: 0 | R13: 0 | S13: 0 | T13: 0 | U13: 0 | V13: 0 | W13: 0 | X13: 0 | Y13: 0 | Z13: 0 | AA13: 0 | AB13: 0 | AC13: 0 | AD13: 0 | AE13: 0 | AF13: 0 | AG13: 0 | AH13: 0 | AI13: 0 | AJ13: 0 | AK13: 1 | AL13: 0 | AM13: 0 | AN13: 0 | AO13: 0 | AP13: 0 | AQ13: 0 | AR13: 0 | AS13: 0 | AT13: 0 | AU13: 0 | AV13: 0 | AW13: 0 | AX13: 0 | AY13: 0 | AZ13: 0 | BA13: 0 | BB13: 0 | BC13: 0 | BD13: 0 | BE13: 0 | BF13: 0 | BG13: 0 | BH13: 0 | BI13: 0 | BJ13: 0 | BK13: 0 | BL13: 0 | BM13: 0 | BN13: 0 | BO13: 0 | BP13: 0 | BQ13: 0 | BR13: 0 | BS13: 0 | BT13: 0 | BU13: 0 | BV13: 2 | BW13: 0 | BX13: 0 | BY13: 0 | BZ13: 0 | CA13: 0 | CB13: 0 | CC13: 0 | CD13: 0 | CE13: 0 | CF13: 0 | CG13: 0 | CH13: 0 | CI13: 0 | CJ13: 0 | CK13: 0 | CL13: 0 | CM13: 0 | CN13: 0 | CO13: 0 | CP13: 0 | CQ13: 0 | CR13: 0 | CS13: 0 | CT13: 0 | CU13: 0 | CV13: 0 | CW13: 0 | CX13: 0 | CY13: 0 | CZ13: 0 | DA13: 0 | DB13: 0 | DC13: 0 | DD13: 0 | DE13: 0 | DF13: 0 | DG13: 0 | DH13: 0 | DI13: 0 | DJ13: 0 | DK13: 0 | DL13: 0 | DM13: 0 | DN13: 0 | DO13: 0 | DP13: 0 | DQ13: 0 | DR13: 0 | DS13: 0 | DT13: 0 | DU13: 0 | DV13: 0 | DW13: 0 | DX13: 0 | DY13: 0 | DZ13: 0 | EA13: 0 | EB13: 0 | EC13: 0 | ED13: 0 | EE13: 0 | EF13: 0 | EG13: 0 | EH13: 0 | EI13: 0 | EJ13: 0 | EK13: 0 | EL13: 0 | EM13: 0 | EN13: 0 | EO13: 0 | EP13: 0 | EQ13: 0 | ER13: 0 | ES13: 0 | ET13: 0 | EU13: 0 | EV13: 0 | EW13: 0 | EX13: 0 | EY13: 0 | EZ13: 0 | FA13: 0 | FB13: 0 | FC13: 0 | FD13: 0 | FE13: 0 | FF13: 0 | FG13: 0 | FH13: 0 | FI13: 0 | FJ13: 0 | FK13: 0 | FL13: 0 | FM13: 0 | FN13: 0 | FO13: 0 | FP13: 0 | FQ13: 0 | FR13: 0 | FS13: 0 | FT13: 0 | FU13: 0 | FV13: 0 | FW13: 0 | FX13: 0 | FY13: 0 | FZ13: 0 | GA13: 0 | GB13: 0 | GC13: 0 | GD13: 0 | GE13: 0 | GF13: 0 | GG13: 0 | GH13: 0 | GI13: 0 | GJ13: 0 | GK13: 0 | GL13: 0 | GM13: 0 | GN13: 0 | GO13: 0 | GP13: 0 | GQ13: 0 | GR13: 0 | GS13: 0 | GT13: 0 | GU13: 0 | GV13: 0 | GW13: 0 | GX13: 0 | GY13: 0 | GZ13: 0 | HA13: 0 | HB13: 0 | HC13: 0 | HD13: 0 | HE13: 0 | HF13: 0 | HG13: 0 | HH13: 0 | HI13: 0 | HJ13: 0 | HK13: 0 | HL13: 0 | HM13: 0 | HN13: 0 | HO13: 0 | HP13: 0 | HQ13: 0 | HR13: 0 | HS13: 0 | HT13: 0 | HU13: 0 | HV13: 0 | HW13: 0 | HX13: 0 | HY13: 0 | HZ13: 0 | IA13: 0 | IB13: 0 | IC13: 0 | ID13: 0 | IE13: 0 | IF13: 0 | IG13: 0 | IH13: 0 | II13: 0 | IJ13: 0 | IK13: 0 | IL13: 0 | IM13: 0 | IN13: 0 | IO13: 0 | IP13: 0 | IQ13: 0 | IR13: 0 | IS13: 0 | IT13: 0 | IU13: 0 | IV13: 0 | IW13: 0 | IX13: 0 | IY13: 0 | IZ13: 0 | JA13: 0 | JB13: 0 | JC13: 0 | JD13: 0 | JE13: 0 | JF13: 0 | JG13: 0 | JH13: 0 | JI13: 0 | JJ13: 0 | JK13: 0 | JL13: 0 | JM13: 0 | JN13: 0 | JO13: 0 | JP13: 0 | JQ13: 0 | JR13: 0 | JS13: 0 | JT13: 0 | JU13: 0 | JV13: 0 | JW13: 0 | JX13: 0 | JY13: 0 | JZ13: 0 | KA13: 0 | KB13: 0 | KC13: 0 | KD13: 0 | KE13: 0 | KF13: 0 | KG13: 0 | KH13: 0 | KI13: 0 | KJ13: 0 | KK13: 0 | KL13: 0 | KM13: 0 | KN13: 0 | KO13: 0 | KP13: 0 | KQ13: 0 | KR13: 0 | KS13: 0 | KT13: 0 | KU13: 0 | KV13: 0 | KW13: 0 | KX13: 0 | KY13: 0 | KZ13: 0 | LA13: 0 | LB13: 0 | LC13: 0 | LD13: 0 | LE13: 0 | LF13: 0 | LG13: 0 | LH13: 0 | LI13: 0 | LJ13: 0 | LK13: 0 | LL13: 0 | LM13: 0 | LN13: 0 | LO13: 0 | LP13: 0 | LQ13: 0 | LR13: 0 | LS13: 0 | LT13: 0 | LU13: 0 | LV13: 0 | LW13: 0 | LX13: 0 | LY13: 0 | LZ13: 0 | MA13: 0 | MB13: 0 | MC13: 0 | MD13: 0 | ME13: 0
G14: 실행
F15: MPD cable 포설(Duct 포함) | G15: 계획 | H15: 0 | I15: 0 | J15: 0 | K15: 0 | L15: 0 | M15: 0 | N15: 0 | O15: 0 | P15: 0 | Q15: 0 | R15: 0 | S15: 0 | T15: 0 | U15: 0 | V15: 0 | W15: 0 | X15: 0 | Y15: 0 | Z15: 0 | AA15: 0 | AB15: 0 | AC15: 0 | AD15: 0 | AE15: 0 | AF15: 0 | AG15: 0 | AH15: 0 | AI15: 0 | AJ15: 0 | AK15: 0 | AL15: 1 | AM15: 1 | AN15: 1 | AO15: 0 | AP15: 0 | AQ15: 0 | AR15: 0 | AS15: 0 | AT15: 0 | AU15: 0 | AV15: 0 | AW15: 0 | AX15: 0 | AY15: 0 | AZ15: 0 | BA15: 0 | BB15: 0 | BC15: 0 | BD15: 0 | BE15: 0 | BF15: 0 | BG15: 0 | BH15: 0 | BI15: 0 | BJ15: 0 | BK15: 0 | BL15: 0 | BM15: 0 | BN15: 0 | BO15: 0 | BP15: 0 | BQ15: 0 | BR15: 0 | BS15: 0 | BT15: 0 | BU15: 0 | BV15: 0 | BW15: 2 | BX15: 2 | BY15: 2 | BZ15: 0 | CA15: 0 | CB15: 0 | CC15: 0 | CD15: 0 | CE15: 0 | CF15: 0 | CG15: 0 | CH15: 0 | CI15: 0 | CJ15: 0 | CK15: 0 | CL15: 0 | CM15: 0 | CN15: 0 | CO15: 0 | CP15: 0 | CQ15: 0 | CR15: 0 | CS15: 0 | CT15: 0 | CU15: 0 | CV15: 0 | CW15: 0 | CX15: 0 | CY15: 0 | CZ15: 0 | DA15: 0 | DB15: 0 | DC15: 0 | DD15: 0 | DE15: 0 | DF15: 0 | DG15: 0 | DH15: 0 | DI15: 0 | DJ15: 0 | DK15: 0 | DL15: 0 | DM15: 0 | DN15: 0 | DO15: 0 | DP15: 0 | DQ15: 0 | DR15: 0 | DS15: 0 | DT15: 0 | DU15: 0 | DV15: 0 | DW15: 0 | DX15: 0 | DY15: 0 | DZ15: 0 | EA15: 0 | EB15: 0 | EC15: 0 | ED15: 0 | EE15: 0 | EF15: 0 | EG15: 0 | EH15: 0 | EI15: 0 | EJ15: 0 | EK15: 0 | EL15: 0 | EM15: 0 | EN15: 0 | EO15: 0 | EP15: 0 | EQ15: 0 | ER15: 0 | ES15: 0 | ET15: 0 | EU15: 0 | EV15: 0 | EW15: 0 | EX15: 0 | EY15: 0 | EZ15: 0 | FA15: 0 | FB15: 0 | FC15: 0 | FD15: 0 | FE15: 0 | FF15: 0 | FG15: 0 | FH15: 0 | FI15: 0 | FJ15: 0 | FK15: 0 | FL15: 0 | FM15: 0 | FN15: 0 | FO15: 0 | FP15: 0 | FQ15: 0 | FR15: 0 | FS15: 0 | FT15: 0 | FU15: 0 | FV15: 0 | FW15: 0 | FX15: 0 | FY15: 0 | FZ15: 0 | GA15: 0 | GB15: 0 | GC15: 0 | GD15: 0 | GE15: 0 | GF15: 0 | GG15: 0 | GH15: 0 | GI15: 0 | GJ15: 0 | GK15: 0 | GL15: 0 | GM15: 0 | GN15: 0 | GO15: 0 | GP15: 0 | GQ15: 0 | GR15: 0 | GS15: 0 | GT15: 0 | GU15: 0 | GV15: 0 | GW15: 0 | GX15: 0 | GY15: 0 | GZ15: 0 | HA15: 0 | HB15: 0 | HC15: 0 | HD15: 0 | HE15: 0 | HF15: 0 | HG15: 0 | HH15: 0 | HI15: 0 | HJ15: 0 | HK15: 0 | HL15: 0 | HM15: 0 | HN15: 0 | HO15: 0 | HP15: 0 | HQ15: 0 | HR15: 0 | HS15: 0 | HT15: 0 | HU15: 0 | HV15: 0 | HW15: 0 | HX15: 0 | HY15: 0 | HZ15: 0 | IA15: 0 | IB15: 0 | IC15: 0 | ID15: 0 | IE15: 0 | IF15: 0 | IG15: 0 | IH15: 0 | II15: 0 | IJ15: 0 | IK15: 0 | IL15: 0 | IM15: 0 | IN15: 0 | IO15: 0 | IP15: 0 | IQ15: 0 | IR15: 0 | IS15: 0 | IT15: 0 | IU15: 0 | IV15: 0 | IW15: 0 | IX15: 0 | IY15: 0 | IZ15: 0 | JA15: 0 | JB15: 0 | JC15: 0 | JD15: 0 | JE15: 0 | JF15: 0 | JG15: 0 | JH15: 0 | JI15: 0 | JJ15: 0 | JK15: 0 | JL15: 0 | JM15: 0 | JN15: 0 | JO15: 0 | JP15: 0 | JQ15: 0 | JR15: 0 | JS15: 0 | JT15: 0 | JU15: 0 | JV15: 0 | JW15: 0 | JX15: 0 | JY15: 0 | JZ15: 0 | KA15: 0 | KB15: 0 | KC15: 0 | KD15: 0 | KE15: 0 | KF15: 0 | KG15: 0 | KH15: 0 | KI15: 0 | KJ15: 0 | KK15: 0 | KL15: 0 | KM15: 0 | KN15: 0 | KO15: 0 | KP15: 0 | KQ15: 0 | KR15: 0 | KS15: 0 | KT15: 0 | KU15: 0 | KV15: 0 | KW15: 0 | KX15: 0 | KY15: 0 | KZ15: 0 | LA15: 0 | LB15: 0 | LC15: 0 | LD15: 0 | LE15: 0 | LF15: 0 | LG15: 0 | LH15: 0 | LI15: 0 | LJ15: 0 | LK15: 0 | LL15: 0 | LM15: 0 | LN15: 0 | LO15: 0 | LP15: 0 | LQ15: 0 | LR15: 0 | LS15: 0 | LT15: 0 | LU15: 0 | LV15: 0 | LW15: 0 | LX15: 0 | LY15: 0 | LZ15: 0 | MA15: 0 | MB15: 0 | MC15: 0 | MD15: 0 | ME15: 0
G16: 실행
F17: Turn-On | G17: 계획 | H17: 0 | I17: 0 | J17: 0 | K17: 0 | L17: 0 | M17: 0 | N17: 0 | O17: 0 | P17: 0 | Q17: 0 | R17: 0 | S17: 0 | T17: 0 | U17: 0 | V17: 0 | W17: 0 | X17: 0 | Y17: 0 | Z17: 0 | AA17: 0 | AB17: 0 | AC17: 0 | AD17: 0 | AE17: 0 | AF17: 0 | AG17: 0 | AH17: 0 | AI17: 0 | AJ17: 0 | AK17: 0 | AL17: 0 | AM17: 0 | AN17: 0 | AO17: 1 | AP17: 0 | AQ17: 0 | AR17: 0 | AS17: 0 | AT17: 0 | AU17: 0 | AV17: 0 | AW17: 0 | AX17: 0 | AY17: 0 | AZ17: 0 | BA17: 0 | BB17: 0 | BC17: 0 | BD17: 0 | BE17: 0 | BF17: 0 | BG17: 0 | BH17: 0 | BI17: 0 | BJ17: 0 | BK17: 0 | BL17: 0 | BM17: 0 | BN17: 0 | BO17: 0 | BP17: 0 | BQ17: 0 | BR17: 0 | BS17: 0 | BT17: 0 | BU17: 0 | BV17: 0 | BW17: 0 | BX17: 0 | BY17: 0 | BZ17: 0 | CA17: 0 | CB17: 0 | CC17: 0 | CD17: 0 | CE17: 0 | CF17: 0 | CG17: 0 | CH17: 0 | CI17: 0 | CJ17: 0 | CK17: 0 | CL17: 0 | CM17: 0 | CN17: 0 | CO17: 0 | CP17: 0 | CQ17: 0 | CR17: 0 | CS17: 0 | CT17: 0 | CU17: 0 | CV17: 0 | CW17: 0 | CX17: 0 | CY17: 0 | CZ17: 0 | DA17: 0 | DB17: 0 | DC17: 0 | DD17: 0 | DE17: 0 | DF17: 0 | DG17: 0 | DH17: 0 | DI17: 0 | DJ17: 0 | DK17: 0 | DL17: 0 | DM17: 0 | DN17: 0 | DO17: 0 | DP17: 0 | DQ17: 0 | DR17: 0 | DS17: 0 | DT17: 0 | DU17: 0 | DV17: 0 | DW17: 0 | DX17: 0 | DY17: 0 | DZ17: 0 | EA17: 0 | EB17: 0 | EC17: 0 | ED17: 0 | EE17: 0 | EF17: 0 | EG17: 0 | EH17: 0 | EI17: 0 | EJ17: 0 | EK17: 0 | EL17: 0 | EM17: 0 | EN17: 0 | EO17: 0 | EP17: 0 | EQ17: 0 | ER17: 0 | ES17: 0 | ET17: 0 | EU17: 0 | EV17: 0 | EW17: 0 | EX17: 0 | EY17: 0 | EZ17: 0 | FA17: 0 | FB17: 0 | FC17: 0 | FD17: 0 | FE17: 0 | FF17: 0 | FG17: 0 | FH17: 0 | FI17: 0 | FJ17: 0 | FK17: 0 | FL17: 0 | FM17: 0 | FN17: 0 | FO17: 0 | FP17: 0 | FQ17: 0 | FR17: 0 | FS17: 0 | FT17: 0 | FU17: 0 | FV17: 0 | FW17: 0 | FX17: 0 | FY17: 0 | FZ17: 0 | GA17: 0 | GB17: 0 | GC17: 0 | GD17: 0 | GE17: 0 | GF17: 0 | GG17: 0 | GH17: 0 | GI17: 0 | GJ17: 0 | GK17: 0 | GL17: 0 | GM17: 0 | GN17: 0 | GO17: 0 | GP17: 0 | GQ17: 0 | GR17: 0 | GS17: 0 | GT17: 0 | GU17: 0 | GV17: 0 | GW17: 0 | GX17: 0 | GY17: 0 | GZ17: 0 | HA17: 0 | HB17: 0 | HC17: 0 | HD17: 0 | HE17: 0 | HF17: 0 | HG17: 0 | HH17: 0 | HI17: 0 | HJ17: 0 | HK17: 0 | HL17: 0 | HM17: 0 | HN17: 0 | HO17: 0 | HP17: 0 | HQ17: 0 | HR17: 0 | HS17: 0 | HT17: 0 | HU17: 0 | HV17: 0 | HW17: 0 | HX17: 0 | HY17: 0 | HZ17: 0 | IA17: 0 | IB17: 0 | IC17: 0 | ID17: 0 | IE17: 0 | IF17: 0 | IG17: 0 | IH17: 0 | II17: 0 | IJ17: 0 | IK17: 0 | IL17: 0 | IM17: 0 | IN17: 0 | IO17: 0 | IP17: 0 | IQ17: 0 | IR17: 0 | IS17: 0 | IT17: 0 | IU17: 0 | IV17: 0 | IW17: 0 | IX17: 0 | IY17: 0 | IZ17: 0 | JA17: 0 | JB17: 0 | JC17: 0 | JD17: 0 | JE17: 0 | JF17: 0 | JG17: 0 | JH17: 0 | JI17: 0 | JJ17: 0 | JK17: 0 | JL17: 0 | JM17: 0 | JN17: 0 | JO17: 0 | JP17: 0 | JQ17: 0 | JR17: 0 | JS17: 0 | JT17: 0 | JU17: 0 | JV17: 0 | JW17: 0 | JX17: 0 | JY17: 0 | JZ17: 0 | KA17: 0 | KB17: 0 | KC17: 0 | KD17: 0 | KE17: 0 | KF17: 0 | KG17: 0 | KH17: 0 | KI17: 0 | KJ17: 0 | KK17: 0 | KL17: 0 | KM17: 0 | KN17: 0 | KO17: 0 | KP17: 0 | KQ17: 0 | KR17: 0 | KS17: 0 | KT17: 0 | KU17: 0 | KV17: 0 | KW17: 0 | KX17: 0 | KY17: 0 | KZ17: 0 | LA17: 0 | LB17: 0 | LC17: 0 | LD17: 0 | LE17: 0 | LF17: 0 | LG17: 0 | LH17: 0 | LI17: 0 | LJ17: 0 | LK17: 0 | LL17: 0 | LM17: 0 | LN17: 0 | LO17: 0 | LP17: 0 | LQ17: 0 | LR17: 0 | LS17: 0 | LT17: 0 | LU17: 0 | LV17: 0 | LW17: 0 | LX17: 0 | LY17: 0 | LZ17: 0 | MA17: 0 | MB17: 0 | MC17: 0 | MD17: 0 | ME17: 0
G18: 실행
F19: I/O 확인 | G19: 계획 | H19: 0 | I19: 0 | J19: 0 | K19: 0 | L19: 0 | M19: 0 | N19: 0 | O19: 0 | P19: 0 | Q19: 0 | R19: 0 | S19: 0 | T19: 0 | U19: 0 | V19: 0 | W19: 0 | X19: 0 | Y19: 0 | Z19: 0 | AA19: 0 | AB19: 0 | AC19: 0 | AD19: 0 | AE19: 0 | AF19: 0 | AG19: 0 | AH19: 0 | AI19: 0 | AJ19: 0 | AK19: 0 | AL19: 0 | AM19: 0 | AN19: 0 | AO19: 0 | AP19: 1 | AQ19: 0 | AR19: 1 | AS19: 1 | AT19: 1 | AU19: 0 | AV19: 0 | AW19: 0 | AX19: 0 | AY19: 0 | AZ19: 0 | BA19: 0 | BB19: 0 | BC19: 0 | BD19: 0 | BE19: 0 | BF19: 0 | BG19: 0 | BH19: 0 | BI19: 0 | BJ19: 0 | BK19: 0 | BL19: 0 | BM19: 0 | BN19: 0 | BO19: 0 | BP19: 0 | BQ19: 0 | BR19: 0 | BS19: 0 | BT19: 0 | BU19: 0 | BV19: 0 | BW19: 0 | BX19: 0 | BY19: 0 | BZ19: 0 | CA19: 2 | CB19: 2 | CC19: 2 | CD19: 2 | CE19: 0 | CF19: 0 | CG19: 0 | CH19: 0 | CI19: 0 | CJ19: 0 | CK19: 0 | CL19: 0 | CM19: 0 | CN19: 0 | CO19: 0 | CP19: 0 | CQ19: 0 | CR19: 0 | CS19: 0 | CT19: 0 | CU19: 0 | CV19: 0 | CW19: 0 | CX19: 0 | CY19: 0 | CZ19: 0 | DA19: 0 | DB19: 0 | DC19: 0 | DD19: 0 | DE19: 0 | DF19: 0 | DG19: 0 | DH19: 0 | DI19: 0 | DJ19: 0 | DK19: 0 | DL19: 0 | DM19: 0 | DN19: 0 | DO19: 0 | DP19: 0 | DQ19: 0 | DR19: 0 | DS19: 0 | DT19: 0 | DU19: 0 | DV19: 0 | DW19: 0 | DX19: 0 | DY19: 0 | DZ19: 0 | EA19: 0 | EB19: 0 | EC19: 0 | ED19: 0 | EE19: 0 | EF19: 0 | EG19: 0 | EH19: 0 | EI19: 0 | EJ19: 0 | EK19: 0 | EL19: 0 | EM19: 0 | EN19: 0 | EO19: 0 | EP19: 0 | EQ19: 0 | ER19: 0 | ES19: 0 | ET19: 0 | EU19: 0 | EV19: 0 | EW19: 0 | EX19: 0 | EY19: 0 | EZ19: 0 | FA19: 0 | FB19: 0 | FC19: 0 | FD19: 0 | FE19: 0 | FF19: 0 | FG19: 0 | FH19: 0 | FI19: 0 | FJ19: 0 | FK19: 0 | FL19: 0 | FM19: 0 | FN19: 0 | FO19: 0 | FP19: 0 | FQ19: 0 | FR19: 0 | FS19: 0 | FT19: 0 | FU19: 0 | FV19: 0 | FW19: 0 | FX19: 0 | FY19: 0 | FZ19: 0 | GA19: 0 | GB19: 0 | GC19: 0 | GD19: 0 | GE19: 0 | GF19: 0 | GG19: 0 | GH19: 0 | GI19: 0 | GJ19: 0 | GK19: 0 | GL19: 0 | GM19: 0 | GN19: 0 | GO19: 0 | GP19: 0 | GQ19: 0 | GR19: 0 | GS19: 0 | GT19: 0 | GU19: 0 | GV19: 0 | GW19: 0 | GX19: 0 | GY19: 0 | GZ19: 0 | HA19: 0 | HB19: 0 | HC19: 0 | HD19: 0 | HE19: 0 | HF19: 0 | HG19: 0 | HH19: 0 | HI19: 0 | HJ19: 0 | HK19: 0 | HL19: 0 | HM19: 0 | HN19: 0 | HO19: 0 | HP19: 0 | HQ19: 0 | HR19: 0 | HS19: 0 | HT19: 0 | HU19: 0 | HV19: 0 | HW19: 0 | HX19: 0 | HY19: 0 | HZ19: 0 | IA19: 0 | IB19: 0 | IC19: 0 | ID19: 0 | IE19: 0 | IF19: 0 | IG19: 0 | IH19: 0 | II19: 0 | IJ19: 0 | IK19: 0 | IL19: 0 | IM19: 0 | IN19: 0 | IO19: 0 | IP19: 0 | IQ19: 0 | IR19: 0 | IS19: 0 | IT19: 0 | IU19: 0 | IV19: 0 | IW19: 0 | IX19: 0 | IY19: 0 | IZ19: 0 | JA19: 0 | JB19: 0 | JC19: 0 | JD19: 0 | JE19: 0 | JF19: 0 | JG19: 0 | JH19: 0 | JI19: 0 | JJ19: 0 | JK19: 0 | JL19: 0 | JM19: 0 | JN19: 0 | JO19: 0 | JP19: 0 | JQ19: 0 | JR19: 0 | JS19: 0 | JT19: 0 | JU19: 0 | JV19: 0 | JW19: 0 | JX19: 0 | JY19: 0 | JZ19: 0 | KA19: 0 | KB19: 0 | KC19: 0 | KD19: 0 | KE19: 0 | KF19: 0 | KG19: 0 | KH19: 0 | KI19: 0 | KJ19: 0 | KK19: 0 | KL19: 0 | KM19: 0 | KN19: 0 | KO19: 0 | KP19: 0 | KQ19: 0 | KR19: 0 | KS19: 0 | KT19: 0 | KU19: 0 | KV19: 0 | KW19: 0 | KX19: 0 | KY19: 0 | KZ19: 0 | LA19: 0 | LB19: 0 | LC19: 0 | LD19: 0 | LE19: 0 | LF19: 0 | LG19: 0 | LH19: 0 | LI19: 0 | LJ19: 0 | LK19: 0 | LL19: 0 | LM19: 0 | LN19: 0 | LO19: 0 | LP19: 0 | LQ19: 0 | LR19: 0 | LS19: 0 | LT19: 0 | LU19: 0 | LV19: 0 | LW19: 0 | LX19: 0 | LY19: 0 | LZ19: 0 | MA19: 0 | MB19: 0 | MC19: 0 | MD19: 0 | ME19: 0
G20: 실행
C21: 단동 평가(제어) | F21: Pumping / Vent (Leak check) | G21: 계획 | H21: 0 | I21: 0 | J21: 0 | K21: 0 | L21: 0 | M21: 0 | N21: 0 | O21: 0 | P21: 0 | Q21: 0 | R21: 0 | S21: 0 | T21: 0 | U21: 0 | V21: 0 | W21: 0 | X21: 0 | Y21: 0 | Z21: 0 | AA21: 0 | AB21: 0 | AC21: 0 | AD21: 0 | AE21: 0 | AF21: 0 | AG21: 0 | AH21: 0 | AI21: 0 | AJ21: 0 | AK21: 0 | AL21: 0 | AM21: 0 | AN21: 0 | AO21: 0 | AP21: 0 | AQ21: 0 | AR21: 0 | AS21: 0 | AT21: 0 | AU21: 1 | AV21: 1 | AW21: 1 | AX21: 0 | AY21: 0 | AZ21: 0 | BA21: 0 | BB21: 0 | BC21: 0 | BD21: 0 | BE21: 0 | BF21: 0 | BG21: 0 | BH21: 0 | BI21: 0 | BJ21: 0 | BK21: 0 | BL21: 0 | BM21: 0 | BN21: 0 | BO21: 0 | BP21: 0 | BQ21: 0 | BR21: 0 | BS21: 0 | BT21: 0 | BU21: 0 | BV21: 0 | BW21: 0 | BX21: 0 | BY21: 0 | BZ21: 0 | CA21: 0 | CB21: 0 | CC21: 0 | CD21: 0 | CE21: 0 | CF21: 2 | CG21: 0 | CH21: 2 | CI21: 0 | CJ21: 0 | CK21: 0 | CL21: 0 | CM21: 0 | CN21: 0 | CO21: 0 | CP21: 0 | CQ21: 0 | CR21: 0 | CS21: 0 | CT21: 0 | CU21: 0 | CV21: 0 | CW21: 0 | CX21: 0 | CY21: 0 | CZ21: 0 | DA21: 0 | DB21: 0 | DC21: 0 | DD21: 0 | DE21: 0 | DF21: 0 | DG21: 0 | DH21: 0 | DI21: 0 | DJ21: 0 | DK21: 0 | DL21: 0 | DM21: 0 | DN21: 0 | DO21: 0 | DP21: 0 | DQ21: 0 | DR21: 0 | DS21: 0 | DT21: 0 | DU21: 0 | DV21: 0 | DW21: 0 | DX21: 0 | DY21: 0 | DZ21: 0 | EA21: 0 | EB21: 0 | EC21: 0 | ED21: 0 | EE21: 0 | EF21: 0 | EG21: 0 | EH21: 0 | EI21: 0 | EJ21: 0 | EK21: 0 | EL21: 0 | EM21: 0 | EN21: 0 | EO21: 0 | EP21: 0 | EQ21: 0 | ER21: 0 | ES21: 0 | ET21: 0 | EU21: 0 | EV21: 0 | EW21: 0 | EX21: 0 | EY21: 0 | EZ21: 0 | FA21: 0 | FB21: 0 | FC21: 0 | FD21: 0 | FE21: 0 | FF21: 0 | FG21: 0 | FH21: 0 | FI21: 0 | FJ21: 0 | FK21: 0 | FL21: 0 | FM21: 0 | FN21: 0 | FO21: 0 | FP21: 0 | FQ21: 0 | FR21: 0 | FS21: 0 | FT21: 0 | FU21: 0 | FV21: 0 | FW21: 0 | FX21: 0 | FY21: 0 | FZ21: 0 | GA21: 0 | GB21: 0 | GC21: 0 | GD21: 0 | GE21: 0 | GF21: 0 | GG21: 0 | GH21: 0 | GI21: 0 | GJ21: 0 | GK21: 0 | GL21: 0 | GM21: 0 | GN21: 0 | GO21: 0 | GP21: 0 | GQ21: 0 | GR21: 0 | GS21: 0 | GT21: 0 | GU21: 0 | GV21: 0 | GW21: 0 | GX21: 0 | GY21: 0 | GZ21: 0 | HA21: 0 | HB21: 0 | HC21: 0 | HD21: 0 | HE21: 0 | HF21: 0 | HG21: 0 | HH21: 0 | HI21: 0 | HJ21: 0 | HK21: 0 | HL21: 0 | HM21: 0 | HN21: 0 | HO21: 0 | HP21: 0 | HQ21: 0 | HR21: 0 | HS21: 0 | HT21: 0 | HU21: 0 | HV21: 0 | HW21: 0 | HX21: 0 | HY21: 0 | HZ21: 0 | IA21: 0 | IB21: 0 | IC21: 0 | ID21: 0 | IE21: 0 | IF21: 0 | IG21: 0 | IH21: 0 | II21: 0 | IJ21: 0 | IK21: 0 | IL21: 0 | IM21: 0 | IN21: 0 | IO21: 0 | IP21: 0 | IQ21: 0 | IR21: 0 | IS21: 0 | IT21: 0 | IU21: 0 | IV21: 0 | IW21: 0 | IX21: 0 | IY21: 0 | IZ21: 0 | JA21: 0 | JB21: 0 | JC21: 0 | JD21: 0 | JE21: 0 | JF21: 0 | JG21: 0 | JH21: 0 | JI21: 0 | JJ21: 0 | JK21: 0 | JL21: 0 | JM21: 0 | JN21: 0 | JO21: 0 | JP21: 0 | JQ21: 0 | JR21: 0 | JS21: 0 | JT21: 0 | JU21: 0 | JV21: 0 | JW21: 0 | JX21: 0 | JY21: 0 | JZ21: 0 | KA21: 0 | KB21: 0 | KC21: 0 | KD21: 0 | KE21: 0 | KF21: 0 | KG21: 0 | KH21: 0 | KI21: 0 | KJ21: 0 | KK21: 0 | KL21: 0 | KM21: 0 | KN21: 0 | KO21: 0 | KP21: 0 | KQ21: 0 | KR21: 0 | KS21: 0 | KT21: 0 | KU21: 0 | KV21: 0 | KW21: 0 | KX21: 0 | KY21: 0 | KZ21: 0 | LA21: 0 | LB21: 0 | LC21: 0 | LD21: 0 | LE21: 0 | LF21: 0 | LG21: 0 | LH21: 0 | LI21: 0 | LJ21: 0 | LK21: 0 | LL21: 0 | LM21: 0 | LN21: 0 | LO21: 0 | LP21: 0 | LQ21: 0 | LR21: 0 | LS21: 0 | LT21: 0 | LU21: 0 | LV21: 0 | LW21: 0 | LX21: 0 | LY21: 0 | LZ21: 0 | MA21: 0 | MB21: 0 | MC21: 0 | MD21: 0 | ME21: 0
G22: 실행
F23: Isolator Tunning (대기/진공) | G23: 계획 | H23: 0 | I23: 0 | J23: 0 | K23: 0 | L23: 0 | M23: 0 | N23: 0 | O23: 0 | P23: 0 | Q23: 0 | R23: 0 | S23: 0 | T23: 0 | U23: 0 | V23: 0 | W23: 0 | X23: 0 | Y23: 0 | Z23: 0 | AA23: 0 | AB23: 0 | AC23: 0 | AD23: 0 | AE23: 0 | AF23: 0 | AG23: 0 | AH23: 0 | AI23: 0 | AJ23: 0 | AK23: 0 | AL23: 0 | AM23: 0 | AN23: 0 | AO23: 0 | AP23: 0 | AQ23: 0 | AR23: 0 | AS23: 0 | AT23: 0 | AU23: 0 | AV23: 0 | AW23: 0 | AX23: 0 | AY23: 1 | AZ23: 1 | BA23: 0 | BB23: 0 | BC23: 0 | BD23: 0 | BE23: 0 | BF23: 0 | BG23: 0 | BH23: 0 | BI23: 0 | BJ23: 0 | BK23: 0 | BL23: 0 | BM23: 0 | BN23: 0 | BO23: 0 | BP23: 0 | BQ23: 0 | BR23: 0 | BS23: 0 | BT23: 0 | BU23: 0 | BV23: 0 | BW23: 0 | BX23: 0 | BY23: 0 | BZ23: 0 | CA23: 0 | CB23: 0 | CC23: 0 | CD23: 0 | CE23: 0 | CF23: 0 | CG23: 0 | CH23: 0 | CI23: 0 | CJ23: 2 | CK23: 2 | CL23: 0 | CM23: 0 | CN23: 0 | CO23: 0 | CP23: 0 | CQ23: 0 | CR23: 0 | CS23: 0 | CT23: 0 | CU23: 0 | CV23: 0 | CW23: 0 | CX23: 0 | CY23: 0 | CZ23: 0 | DA23: 0 | DB23: 0 | DC23: 0 | DD23: 0 | DE23: 0 | DF23: 0 | DG23: 0 | DH23: 0 | DI23: 0 | DJ23: 0 | DK23: 0 | DL23: 0 | DM23: 0 | DN23: 0 | DO23: 0 | DP23: 0 | DQ23: 0 | DR23: 0 | DS23: 0 | DT23: 0 | DU23: 0 | DV23: 0 | DW23: 0 | DX23: 0 | DY23: 0 | DZ23: 0 | EA23: 0 | EB23: 0 | EC23: 0 | ED23: 0 | EE23: 0 | EF23: 0 | EG23: 0 | EH23: 0 | EI23: 0 | EJ23: 0 | EK23: 0 | EL23: 0 | EM23: 0 | EN23: 0 | EO23: 0 | EP23: 0 | EQ23: 0 | ER23: 0 | ES23: 0 | ET23: 0 | EU23: 0 | EV23: 0 | EW23: 0 | EX23: 0 | EY23: 0 | EZ23: 0 | FA23: 0 | FB23: 0 | FC23: 0 | FD23: 0 | FE23: 0 | FF23: 0 | FG23: 0 | FH23: 0 | FI23: 0 | FJ23: 0 | FK23: 0 | FL23: 0 | FM23: 0 | FN23: 0 | FO23: 0 | FP23: 0 | FQ23: 0 | FR23: 0 | FS23: 0 | FT23: 0 | FU23: 0 | FV23: 0 | FW23: 0 | FX23: 0 | FY23: 0 | FZ23: 0 | GA23: 0 | GB23: 0 | GC23: 0 | GD23: 0 | GE23: 0 | GF23: 0 | GG23: 0 | GH23: 0 | GI23: 0 | GJ23: 0 | GK23: 0 | GL23: 0 | GM23: 0 | GN23: 0 | GO23: 0 | GP23: 0 | GQ23: 0 | GR23: 0 | GS23: 0 | GT23: 0 | GU23: 0 | GV23: 0 | GW23: 0 | GX23: 0 | GY23: 0 | GZ23: 0 | HA23: 0 | HB23: 0 | HC23: 0 | HD23: 0 | HE23: 0 | HF23: 0 | HG23: 0 | HH23: 0 | HI23: 0 | HJ23: 0 | HK23: 0 | HL23: 0 | HM23: 0 | HN23: 0 | HO23: 0 | HP23: 0 | HQ23: 0 | HR23: 0 | HS23: 0 | HT23: 0 | HU23: 0 | HV23: 0 | HW23: 0 | HX23: 0 | HY23: 0 | HZ23: 0 | IA23: 0 | IB23: 0 | IC23: 0 | ID23: 0 | IE23: 0 | IF23: 0 | IG23: 0 | IH23: 0 | II23: 0 | IJ23: 0 | IK23: 0 | IL23: 0 | IM23: 0 | IN23: 0 | IO23: 0 | IP23: 0 | IQ23: 0 | IR23: 0 | IS23: 0 | IT23: 0 | IU23: 0 | IV23: 0 | IW23: 0 | IX23: 0 | IY23: 0 | IZ23: 0 | JA23: 0 | JB23: 0 | JC23: 0 | JD23: 0 | JE23: 0 | JF23: 0 | JG23: 0 | JH23: 0 | JI23: 0 | JJ23: 0 | JK23: 0 | JL23: 0 | JM23: 0 | JN23: 0 | JO23: 0 | JP23: 0 | JQ23: 0 | JR23: 0 | JS23: 0 | JT23: 0 | JU23: 0 | JV23: 0 | JW23: 0 | JX23: 0 | JY23: 0 | JZ23: 0 | KA23: 0 | KB23: 0 | KC23: 0 | KD23: 0 | KE23: 0 | KF23: 0 | KG23: 0 | KH23: 0 | KI23: 0 | KJ23: 0 | KK23: 0 | KL23: 0 | KM23: 0 | KN23: 0 | KO23: 0 | KP23: 0 | KQ23: 0 | KR23: 0 | KS23: 0 | KT23: 0 | KU23: 0 | KV23: 0 | KW23: 0 | KX23: 0 | KY23: 0 | KZ23: 0 | LA23: 0 | LB23: 0 | LC23: 0 | LD23: 0 | LE23: 0 | LF23: 0 | LG23: 0 | LH23: 0 | LI23: 0 | LJ23: 0 | LK23: 0 | LL23: 0 | LM23: 0 | LN23: 0 | LO23: 0 | LP23: 0 | LQ23: 0 | LR23: 0 | LS23: 0 | LT23: 0 | LU23: 0 | LV23: 0 | LW23: 0 | LX23: 0 | LY23: 0 | LZ23: 0 | MA23: 0 | MB23: 0 | MC23: 0 | MD23: 0 | ME23: 0
G24: 실행
F25: Pin-Up, down & Chucking, Pin level setting | G25: 계획 | H25: 0 | I25: 0 | J25: 0 | K25: 0 | L25: 0 | M25: 0 | N25: 0 | O25: 0 | P25: 0 | Q25: 0 | R25: 0 | S25: 0 | T25: 0 | U25: 0 | V25: 0 | W25: 0 | X25: 0 | Y25: 0 | Z25: 0 | AA25: 0 | AB25: 0 | AC25: 0 | AD25: 0 | AE25: 0 | AF25: 0 | AG25: 0 | AH25: 0 | AI25: 0 | AJ25: 0 | AK25: 0 | AL25: 0 | AM25: 0 | AN25: 0 | AO25: 0 | AP25: 0 | AQ25: 0 | AR25: 0 | AS25: 0 | AT25: 0 | AU25: 0 | AV25: 0 | AW25: 0 | AX25: 0 | AY25: 0 | AZ25: 0 | BA25: 1 | BB25: 1 | BC25: 0 | BD25: 0 | BE25: 0 | BF25: 0 | BG25: 0 | BH25: 0 | BI25: 0 | BJ25: 0 | BK25: 0 | BL25: 0 | BM25: 0 | BN25: 0 | BO25: 0 | BP25: 0 | BQ25: 0 | BR25: 0 | BS25: 0 | BT25: 0 | BU25: 0 | BV25: 0 | BW25: 0 | BX25: 0 | BY25: 0 | BZ25: 0 | CA25: 0 | CB25: 0 | CC25: 0 | CD25: 0 | CE25: 0 | CF25: 0 | CG25: 0 | CH25: 0 | CI25: 0 | CJ25: 0 | CK25: 0 | CL25: 0 | CM25: 2 | CN25: 0 | CO25: 0 | CP25: 0 | CQ25: 0 | CR25: 0 | CS25: 0 | CT25: 0 | CU25: 0 | CV25: 0 | CW25: 0 | CX25: 0 | CY25: 0 | CZ25: 0 | DA25: 0 | DB25: 0 | DC25: 0 | DD25: 0 | DE25: 0 | DF25: 0 | DG25: 0 | DH25: 0 | DI25: 0 | DJ25: 0 | DK25: 0 | DL25: 0 | DM25: 0 | DN25: 0 | DO25: 0 | DP25: 0 | DQ25: 0 | DR25: 0 | DS25: 0 | DT25: 0 | DU25: 0 | DV25: 0 | DW25: 0 | DX25: 0 | DY25: 0 | DZ25: 0 | EA25: 0 | EB25: 0 | EC25: 0 | ED25: 0 | EE25: 0 | EF25: 0 | EG25: 0 | EH25: 0 | EI25: 0 | EJ25: 0 | EK25: 0 | EL25: 0 | EM25: 0 | EN25: 0 | EO25: 0 | EP25: 0 | EQ25: 0 | ER25: 0 | ES25: 0 | ET25: 0 | EU25: 0 | EV25: 0 | EW25: 0 | EX25: 0 | EY25: 0 | EZ25: 0 | FA25: 0 | FB25: 0 | FC25: 0 | FD25: 0 | FE25: 0 | FF25: 0 | FG25: 0 | FH25: 0 | FI25: 0 | FJ25: 0 | FK25: 0 | FL25: 0 | FM25: 0 | FN25: 0 | FO25: 0 | FP25: 0 | FQ25: 0 | FR25: 0 | FS25: 0 | FT25: 0 | FU25: 0 | FV25: 0 | FW25: 0 | FX25: 0 | FY25: 0 | FZ25: 0 | GA25: 0 | GB25: 0 | GC25: 0 | GD25: 0 | GE25: 0 | GF25: 0 | GG25: 0 | GH25: 0 | GI25: 0 | GJ25: 0 | GK25: 0 | GL25: 0 | GM25: 0 | GN25: 0 | GO25: 0 | GP25: 0 | GQ25: 0 | GR25: 0 | GS25: 0 | GT25: 0 | GU25: 0 | GV25: 0 | GW25: 0 | GX25: 0 | GY25: 0 | GZ25: 0 | HA25: 0 | HB25: 0 | HC25: 0 | HD25: 0 | HE25: 0 | HF25: 0 | HG25: 0 | HH25: 0 | HI25: 0 | HJ25: 0 | HK25: 0 | HL25: 0 | HM25: 0 | HN25: 0 | HO25: 0 | HP25: 0 | HQ25: 0 | HR25: 0 | HS25: 0 | HT25: 0 | HU25: 0 | HV25: 0 | HW25: 0 | HX25: 0 | HY25: 0 | HZ25: 0 | IA25: 0 | IB25: 0 | IC25: 0 | ID25: 0 | IE25: 0 | IF25: 0 | IG25: 0 | IH25: 0 | II25: 0 | IJ25: 0 | IK25: 0 | IL25: 0 | IM25: 0 | IN25: 0 | IO25: 0 | IP25: 0 | IQ25: 0 | IR25: 0 | IS25: 0 | IT25: 0 | IU25: 0 | IV25: 0 | IW25: 0 | IX25: 0 | IY25: 0 | IZ25: 0 | JA25: 0 | JB25: 0 | JC25: 0 | JD25: 0 | JE25: 0 | JF25: 0 | JG25: 0 | JH25: 0 | JI25: 0 | JJ25: 0 | JK25: 0 | JL25: 0 | JM25: 0 | JN25: 0 | JO25: 0 | JP25: 0 | JQ25: 0 | JR25: 0 | JS25: 0 | JT25: 0 | JU25: 0 | JV25: 0 | JW25: 0 | JX25: 0 | JY25: 0 | JZ25: 0 | KA25: 0 | KB25: 0 | KC25: 0 | KD25: 0 | KE25: 0 | KF25: 0 | KG25: 0 | KH25: 0 | KI25: 0 | KJ25: 0 | KK25: 0 | KL25: 0 | KM25: 0 | KN25: 0 | KO25: 0 | KP25: 0 | KQ25: 0 | KR25: 0 | KS25: 0 | KT25: 0 | KU25: 0 | KV25: 0 | KW25: 0 | KX25: 0 | KY25: 0 | KZ25: 0 | LA25: 0 | LB25: 0 | LC25: 0 | LD25: 0 | LE25: 0 | LF25: 0 | LG25: 0 | LH25: 0 | LI25: 0 | LJ25: 0 | LK25: 0 | LL25: 0 | LM25: 0 | LN25: 0 | LO25: 0 | LP25: 0 | LQ25: 0 | LR25: 0 | LS25: 0 | LT25: 0 | LU25: 0 | LV25: 0 | LW25: 0 | LX25: 0 | LY25: 0 | LZ25: 0 | MA25: 0 | MB25: 0 | MC25: 0 | MD25: 0 | ME25: 0
G26: 실행
F27: Stage Tunning (대기/진공, 프레스토, 주행축, Review축, LDS축) | G27: 계획 | H27: 0 | I27: 0 | J27: 0 | K27: 0 | L27: 0 | M27: 0 | N27: 0 | O27: 0 | P27: 0 | Q27: 0 | R27: 0 | S27: 0 | T27: 0 | U27: 0 | V27: 0 | W27: 0 | X27: 0 | Y27: 0 | Z27: 0 | AA27: 0 | AB27: 0 | AC27: 0 | AD27: 0 | AE27: 0 | AF27: 0 | AG27: 0 | AH27: 0 | AI27: 0 | AJ27: 0 | AK27: 0 | AL27: 0 | AM27: 0 | AN27: 0 | AO27: 0 | AP27: 0 | AQ27: 0 | AR27: 0 | AS27: 0 | AT27: 0 | AU27: 0 | AV27: 0 | AW27: 0 | AX27: 0 | AY27: 0 | AZ27: 0 | BA27: 0 | BB27: 0 | BC27: 1 | BD27: 1 | BE27: 0 | BF27: 0 | BG27: 0 | BH27: 0 | BI27: 0 | BJ27: 0 | BK27: 0 | BL27: 0 | BM27: 0 | BN27: 0 | BO27: 0 | BP27: 0 | BQ27: 0 | BR27: 0 | BS27: 0 | BT27: 0 | BU27: 0 | BV27: 0 | BW27: 0 | BX27: 0 | BY27: 0 | BZ27: 0 | CA27: 0 | CB27: 0 | CC27: 0 | CD27: 0 | CE27: 0 | CF27: 0 | CG27: 0 | CH27: 0 | CI27: 0 | CJ27: 0 | CK27: 0 | CL27: 0 | CM27: 0 | CN27: 0 | CO27: 2 | CP27: 0 | CQ27: 0 | CR27: 0 | CS27: 0 | CT27: 0 | CU27: 0 | CV27: 0 | CW27: 0 | CX27: 0 | CY27: 0 | CZ27: 0 | DA27: 0 | DB27: 0 | DC27: 0 | DD27: 0 | DE27: 0 | DF27: 0 | DG27: 0 | DH27: 0 | DI27: 0 | DJ27: 0 | DK27: 0 | DL27: 0 | DM27: 0 | DN27: 0 | DO27: 0 | DP27: 0 | DQ27: 0 | DR27: 0 | DS27: 0 | DT27: 0 | DU27: 0 | DV27: 0 | DW27: 0 | DX27: 0 | DY27: 0 | DZ27: 0 | EA27: 0 | EB27: 0 | EC27: 0 | ED27: 0 | EE27: 0 | EF27: 0 | EG27: 0 | EH27: 0 | EI27: 0 | EJ27: 0 | EK27: 0 | EL27: 0 | EM27: 0 | EN27: 0 | EO27: 0 | EP27: 0 | EQ27: 0 | ER27: 0 | ES27: 0 | ET27: 0 | EU27: 0 | EV27: 0 | EW27: 0 | EX27: 0 | EY27: 0 | EZ27: 0 | FA27: 0 | FB27: 0 | FC27: 0 | FD27: 0 | FE27: 0 | FF27: 0 | FG27: 0 | FH27: 0 | FI27: 0 | FJ27: 0 | FK27: 0 | FL27: 0 | FM27: 0 | FN27: 0 | FO27: 0 | FP27: 0 | FQ27: 0 | FR27: 0 | FS27: 0 | FT27: 0 | FU27: 0 | FV27: 0 | FW27: 0 | FX27: 0 | FY27: 0 | FZ27: 0 | GA27: 0 | GB27: 0 | GC27: 0 | GD27: 0 | GE27: 0 | GF27: 0 | GG27: 0 | GH27: 0 | GI27: 0 | GJ27: 0 | GK27: 0 | GL27: 0 | GM27: 0 | GN27: 0 | GO27: 0 | GP27: 0 | GQ27: 0 | GR27: 0 | GS27: 0 | GT27: 0 | GU27: 0 | GV27: 0 | GW27: 0 | GX27: 0 | GY27: 0 | GZ27: 0 | HA27: 0 | HB27: 0 | HC27: 0 | HD27: 0 | HE27: 0 | HF27: 0 | HG27: 0 | HH27: 0 | HI27: 0 | HJ27: 0 | HK27: 0 | HL27: 0 | HM27: 0 | HN27: 0 | HO27: 0 | HP27: 0 | HQ27: 0 | HR27: 0 | HS27: 0 | HT27: 0 | HU27: 0 | HV27: 0 | HW27: 0 | HX27: 0 | HY27: 0 | HZ27: 0 | IA27: 0 | IB27: 0 | IC27: 0 | ID27: 0 | IE27: 0 | IF27: 0 | IG27: 0 | IH27: 0 | II27: 0 | IJ27: 0 | IK27: 0 | IL27: 0 | IM27: 0 | IN27: 0 | IO27: 0 | IP27: 0 | IQ27: 0 | IR27: 0 | IS27: 0 | IT27: 0 | IU27: 0 | IV27: 0 | IW27: 0 | IX27: 0 | IY27: 0 | IZ27: 0 | JA27: 0 | JB27: 0 | JC27: 0 | JD27: 0 | JE27: 0 | JF27: 0 | JG27: 0 | JH27: 0 | JI27: 0 | JJ27: 0 | JK27: 0 | JL27: 0 | JM27: 0 | JN27: 0 | JO27: 0 | JP27: 0 | JQ27: 0 | JR27: 0 | JS27: 0 | JT27: 0 | JU27: 0 | JV27: 0 | JW27: 0 | JX27: 0 | JY27: 0 | JZ27: 0 | KA27: 0 | KB27: 0 | KC27: 0 | KD27: 0 | KE27: 0 | KF27: 0 | KG27: 0 | KH27: 0 | KI27: 0 | KJ27: 0 | KK27: 0 | KL27: 0 | KM27: 0 | KN27: 0 | KO27: 0 | KP27: 0 | KQ27: 0 | KR27: 0 | KS27: 0 | KT27: 0 | KU27: 0 | KV27: 0 | KW27: 0 | KX27: 0 | KY27: 0 | KZ27: 0 | LA27: 0 | LB27: 0 | LC27: 0 | LD27: 0 | LE27: 0 | LF27: 0 | LG27: 0 | LH27: 0 | LI27: 0 | LJ27: 0 | LK27: 0 | LL27: 0 | LM27: 0 | LN27: 0 | LO27: 0 | LP27: 0 | LQ27: 0 | LR27: 0 | LS27: 0 | LT27: 0 | LU27: 0 | LV27: 0 | LW27: 0 | LX27: 0 | LY27: 0 | LZ27: 0 | MA27: 0 | MB27: 0 | MC27: 0 | MD27: 0 | ME27: 0
G28: 실행
F29: 주행축/Review축 정밀도 측정(Interferrometer) - Center 상/하판만 측정시 4일 소요 | G29: 계획 | H29: 0 | I29: 0 | J29: 0 | K29: 0 | L29: 0 | M29: 0 | N29: 0 | O29: 0 | P29: 0 | Q29: 0 | R29: 0 | S29: 0 | T29: 0 | U29: 0 | V29: 0 | W29: 0 | X29: 0 | Y29: 0 | Z29: 0 | AA29: 0 | AB29: 0 | AC29: 0 | AD29: 0 | AE29: 0 | AF29: 0 | AG29: 0 | AH29: 0 | AI29: 0 | AJ29: 0 | AK29: 0 | AL29: 0 | AM29: 0 | AN29: 0 | AO29: 0 | AP29: 0 | AQ29: 0 | AR29: 0 | AS29: 0 | AT29: 0 | AU29: 0 | AV29: 0 | AW29: 0 | AX29: 0 | AY29: 0 | AZ29: 0 | BA29: 0 | BB29: 0 | BC29: 0 | BD29: 0 | BE29: 0 | BF29: 1 | BG29: 1 | BH29: 1 | BI29: 1 | BJ29: 0 | BK29: 0 | BL29: 0 | BM29: 0 | BN29: 0 | BO29: 0 | BP29: 0 | BQ29: 0 | BR29: 0 | BS29: 0 | BT29: 0 | BU29: 0 | BV29: 0 | BW29: 0 | BX29: 0 | BY29: 0 | BZ29: 0 | CA29: 0 | CB29: 0 | CC29: 0 | CD29: 0 | CE29: 0 | CF29: 0 | CG29: 0 | CH29: 0 | CI29: 0 | CJ29: 0 | CK29: 0 | CL29: 0 | CM29: 0 | CN29: 0 | CO29: 0 | CP29: 0 | CQ29: 2 | CR29: 2 | CS29: 2 | CT29: 2 | CU29: 0 | CV29: 0 | CW29: 0 | CX29: 0 | CY29: 0 | CZ29: 0 | DA29: 0 | DB29: 0 | DC29: 0 | DD29: 0 | DE29: 0 | DF29: 0 | DG29: 0 | DH29: 0 | DI29: 0 | DJ29: 0 | DK29: 0 | DL29: 0 | DM29: 0 | DN29: 0 | DO29: 0 | DP29: 0 | DQ29: 0 | DR29: 0 | DS29: 0 | DT29: 0 | DU29: 0 | DV29: 0 | DW29: 0 | DX29: 0 | DY29: 0 | DZ29: 0 | EA29: 0 | EB29: 0 | EC29: 0 | ED29: 0 | EE29: 0 | EF29: 0 | EG29: 0 | EH29: 0 | EI29: 0 | EJ29: 0 | EK29: 0 | EL29: 0 | EM29: 0 | EN29: 0 | EO29: 0 | EP29: 0 | EQ29: 0 | ER29: 0 | ES29: 0 | ET29: 0 | EU29: 0 | EV29: 0 | EW29: 0 | EX29: 0 | EY29: 0 | EZ29: 0 | FA29: 0 | FB29: 0 | FC29: 0 | FD29: 0 | FE29: 0 | FF29: 0 | FG29: 0 | FH29: 0 | FI29: 0 | FJ29: 0 | FK29: 0 | FL29: 0 | FM29: 0 | FN29: 0 | FO29: 0 | FP29: 0 | FQ29: 0 | FR29: 0 | FS29: 0 | FT29: 0 | FU29: 0 | FV29: 0 | FW29: 0 | FX29: 0 | FY29: 0 | FZ29: 0 | GA29: 0 | GB29: 0 | GC29: 0 | GD29: 0 | GE29: 0 | GF29: 0 | GG29: 0 | GH29: 0 | GI29: 0 | GJ29: 0 | GK29: 0 | GL29: 0 | GM29: 0 | GN29: 0 | GO29: 0 | GP29: 0 | GQ29: 0 | GR29: 0 | GS29: 0 | GT29: 0 | GU29: 0 | GV29: 0 | GW29: 0 | GX29: 0 | GY29: 0 | GZ29: 0 | HA29: 0 | HB29: 0 | HC29: 0 | HD29: 0 | HE29: 0 | HF29: 0 | HG29: 0 | HH29: 0 | HI29: 0 | HJ29: 0 | HK29: 0 | HL29: 0 | HM29: 0 | HN29: 0 | HO29: 0 | HP29: 0 | HQ29: 0 | HR29: 0 | HS29: 0 | HT29: 0 | HU29: 0 | HV29: 0 | HW29: 0 | HX29: 0 | HY29: 0 | HZ29: 0 | IA29: 0 | IB29: 0 | IC29: 0 | ID29: 0 | IE29: 0 | IF29: 0 | IG29: 0 | IH29: 0 | II29: 0 | IJ29: 0 | IK29: 0 | IL29: 0 | IM29: 0 | IN29: 0 | IO29: 0 | IP29: 0 | IQ29: 0 | IR29: 0 | IS29: 0 | IT29: 0 | IU29: 0 | IV29: 0 | IW29: 0 | IX29: 0 | IY29: 0 | IZ29: 0 | JA29: 0 | JB29: 0 | JC29: 0 | JD29: 0 | JE29: 0 | JF29: 0 | JG29: 0 | JH29: 0 | JI29: 0 | JJ29: 0 | JK29: 0 | JL29: 0 | JM29: 0 | JN29: 0 | JO29: 0 | JP29: 0 | JQ29: 0 | JR29: 0 | JS29: 0 | JT29: 0 | JU29: 0 | JV29: 0 | JW29: 0 | JX29: 0 | JY29: 0 | JZ29: 0 | KA29: 0 | KB29: 0 | KC29: 0 | KD29: 0 | KE29: 0 | KF29: 0 | KG29: 0 | KH29: 0 | KI29: 0 | KJ29: 0 | KK29: 0 | KL29: 0 | KM29: 0 | KN29: 0 | KO29: 0 | KP29: 0 | KQ29: 0 | KR29: 0 | KS29: 0 | KT29: 0 | KU29: 0 | KV29: 0 | KW29: 0 | KX29: 0 | KY29: 0 | KZ29: 0 | LA29: 0 | LB29: 0 | LC29: 0 | LD29: 0 | LE29: 0 | LF29: 0 | LG29: 0 | LH29: 0 | LI29: 0 | LJ29: 0 | LK29: 0 | LL29: 0 | LM29: 0 | LN29: 0 | LO29: 0 | LP29: 0 | LQ29: 0 | LR29: 0 | LS29: 0 | LT29: 0 | LU29: 0 | LV29: 0 | LW29: 0 | LX29: 0 | LY29: 0 | LZ29: 0 | MA29: 0 | MB29: 0 | MC29: 0 | MD29: 0 | ME29: 0
G30: 실행
F31: Review 직각도 Setting (Glass 필요) | G31: 계획 | H31: 0 | I31: 0 | J31: 0 | K31: 0 | L31: 0 | M31: 0 | N31: 0 | O31: 0 | P31: 0 | Q31: 0 | R31: 0 | S31: 0 | T31: 0 | U31: 0 | V31: 0 | W31: 0 | X31: 0 | Y31: 0 | Z31: 0 | AA31: 0 | AB31: 0 | AC31: 0 | AD31: 0 | AE31: 0 | AF31: 0 | AG31: 0 | AH31: 0 | AI31: 0 | AJ31: 0 | AK31: 0 | AL31: 0 | AM31: 0 | AN31: 0 | AO31: 0 | AP31: 0 | AQ31: 0 | AR31: 0 | AS31: 0 | AT31: 0 | AU31: 0 | AV31: 0 | AW31: 0 | AX31: 0 | AY31: 0 | AZ31: 0 | BA31: 0 | BB31: 0 | BC31: 0 | BD31: 0 | BE31: 0 | BF31: 0 | BG31: 0 | BH31: 0 | BI31: 0 | BJ31: 1 | BK31: 0 | BL31: 0 | BM31: 0 | BN31: 0 | BO31: 0 | BP31: 0 | BQ31: 0 | BR31: 0 | BS31: 0 | BT31: 0 | BU31: 0 | BV31: 0 | BW31: 0 | BX31: 0 | BY31: 0 | BZ31: 0 | CA31: 0 | CB31: 0 | CC31: 0 | CD31: 0 | CE31: 0 | CF31: 0 | CG31: 0 | CH31: 0 | CI31: 0 | CJ31: 0 | CK31: 0 | CL31: 0 | CM31: 0 | CN31: 0 | CO31: 0 | CP31: 0 | CQ31: 0 | CR31: 0 | CS31: 0 | CT31: 0 | CU31: 0 | CV31: 0 | CW31: 0 | CX31: 0 | CY31: 0 | CZ31: 0 | DA31: 0 | DB31: 0 | DC31: 0 | DD31: 0 | DE31: 0 | DF31: 0 | DG31: 0 | DH31: 0 | DI31: 0 | DJ31: 0 | DK31: 0 | DL31: 0 | DM31: 0 | DN31: 0 | DO31: 0 | DP31: 0 | DQ31: 0 | DR31: 0 | DS31: 0 | DT31: 0 | DU31: 0 | DV31: 0 | DW31: 0 | DX31: 0 | DY31: 0 | DZ31: 0 | EA31: 0 | EB31: 0 | EC31: 0 | ED31: 0 | EE31: 0 | EF31: 0 | EG31: 0 | EH31: 0 | EI31: 0 | EJ31: 0 | EK31: 0 | EL31: 0 | EM31: 0 | EN31: 0 | EO31: 0 | EP31: 0 | EQ31: 0 | ER31: 0 | ES31: 0 | ET31: 0 | EU31: 0 | EV31: 0 | EW31: 0 | EX31: 0 | EY31: 0 | EZ31: 0 | FA31: 0 | FB31: 0 | FC31: 0 | FD31: 0 | FE31: 0 | FF31: 0 | FG31: 0 | FH31: 0 | FI31: 0 | FJ31: 0 | FK31: 0 | FL31: 0 | FM31: 0 | FN31: 0 | FO31: 0 | FP31: 0 | FQ31: 0 | FR31: 0 | FS31: 0 | FT31: 0 | FU31: 0 | FV31: 0 | FW31: 0 | FX31: 0 | FY31: 0 | FZ31: 0 | GA31: 0 | GB31: 0 | GC31: 0 | GD31: 0 | GE31: 0 | GF31: 0 | GG31: 0 | GH31: 0 | GI31: 0 | GJ31: 0 | GK31: 0 | GL31: 0 | GM31: 0 | GN31: 0 | GO31: 0 | GP31: 0 | GQ31: 0 | GR31: 0 | GS31: 0 | GT31: 0 | GU31: 0 | GV31: 0 | GW31: 0 | GX31: 0 | GY31: 0 | GZ31: 0 | HA31: 0 | HB31: 0 | HC31: 0 | HD31: 0 | HE31: 0 | HF31: 0 | HG31: 0 | HH31: 0 | HI31: 0 | HJ31: 0 | HK31: 0 | HL31: 0 | HM31: 0 | HN31: 0 | HO31: 0 | HP31: 0 | HQ31: 0 | HR31: 0 | HS31: 0 | HT31: 0 | HU31: 0 | HV31: 0 | HW31: 0 | HX31: 0 | HY31: 0 | HZ31: 0 | IA31: 0 | IB31: 0 | IC31: 0 | ID31: 0 | IE31: 0 | IF31: 0 | IG31: 0 | IH31: 0 | II31: 0 | IJ31: 0 | IK31: 0 | IL31: 0 | IM31: 0 | IN31: 0 | IO31: 0 | IP31: 0 | IQ31: 0 | IR31: 0 | IS31: 0 | IT31: 0 | IU31: 0 | IV31: 0 | IW31: 0 | IX31: 0 | IY31: 0 | IZ31: 0 | JA31: 0 | JB31: 0 | JC31: 0 | JD31: 0 | JE31: 0 | JF31: 0 | JG31: 0 | JH31: 0 | JI31: 0 | JJ31: 0 | JK31: 0 | JL31: 0 | JM31: 0 | JN31: 0 | JO31: 0 | JP31: 0 | JQ31: 0 | JR31: 0 | JS31: 0 | JT31: 0 | JU31: 0 | JV31: 0 | JW31: 0 | JX31: 0 | JY31: 0 | JZ31: 0 | KA31: 0 | KB31: 0 | KC31: 0 | KD31: 0 | KE31: 0 | KF31: 0 | KG31: 0 | KH31: 0 | KI31: 0 | KJ31: 0 | KK31: 0 | KL31: 0 | KM31: 0 | KN31: 0 | KO31: 0 | KP31: 0 | KQ31: 0 | KR31: 0 | KS31: 0 | KT31: 0 | KU31: 0 | KV31: 0 | KW31: 0 | KX31: 0 | KY31: 0 | KZ31: 0 | LA31: 0 | LB31: 0 | LC31: 0 | LD31: 0 | LE31: 0 | LF31: 0 | LG31: 0 | LH31: 0 | LI31: 0 | LJ31: 0 | LK31: 0 | LL31: 0 | LM31: 0 | LN31: 0 | LO31: 0 | LP31: 0 | LQ31: 0 | LR31: 0 | LS31: 0 | LT31: 0 | LU31: 0 | LV31: 0 | LW31: 0 | LX31: 0 | LY31: 0 | LZ31: 0 | MA31: 0 | MB31: 0 | MC31: 0 | MD31: 0 | ME31: 0
G32: 실행
F33: Vision 셋팅 (Align, Glass 필요) | G33: 계획 | H33: 0 | I33: 0 | J33: 0 | K33: 0 | L33: 0 | M33: 0 | N33: 0 | O33: 0 | P33: 0 | Q33: 0 | R33: 0 | S33: 0 | T33: 0 | U33: 0 | V33: 0 | W33: 0 | X33: 0 | Y33: 0 | Z33: 0 | AA33: 0 | AB33: 0 | AC33: 0 | AD33: 0 | AE33: 0 | AF33: 0 | AG33: 0 | AH33: 0 | AI33: 0 | AJ33: 0 | AK33: 0 | AL33: 0 | AM33: 0 | AN33: 0 | AO33: 0 | AP33: 0 | AQ33: 0 | AR33: 0 | AS33: 0 | AT33: 0 | AU33: 0 | AV33: 0 | AW33: 0 | AX33: 0 | AY33: 0 | AZ33: 0 | BA33: 0 | BB33: 0 | BC33: 0 | BD33: 0 | BE33: 0 | BF33: 0 | BG33: 0 | BH33: 0 | BI33: 0 | BJ33: 0 | BK33: 1 | BL33: 0 | BM33: 0 | BN33: 0 | BO33: 0 | BP33: 0 | BQ33: 0 | BR33: 0 | BS33: 0 | BT33: 0 | BU33: 0 | BV33: 0 | BW33: 0 | BX33: 0 | BY33: 0 | BZ33: 0 | CA33: 0 | CB33: 0 | CC33: 0 | CD33: 0 | CE33: 0 | CF33: 0 | CG33: 0 | CH33: 0 | CI33: 0 | CJ33: 0 | CK33: 0 | CL33: 0 | CM33: 0 | CN33: 0 | CO33: 0 | CP33: 0 | CQ33: 0 | CR33: 0 | CS33: 0 | CT33: 0 | CU33: 0 | CV33: 2 | CW33: 0 | CX33: 0 | CY33: 0 | CZ33: 0 | DA33: 0 | DB33: 0 | DC33: 0 | DD33: 0 | DE33: 0 | DF33: 0 | DG33: 0 | DH33: 0 | DI33: 0 | DJ33: 0 | DK33: 0 | DL33: 0 | DM33: 0 | DN33: 0 | DO33: 0 | DP33: 0 | DQ33: 0 | DR33: 0 | DS33: 0 | DT33: 0 | DU33: 0 | DV33: 0 | DW33: 0 | DX33: 0 | DY33: 0 | DZ33: 0 | EA33: 0 | EB33: 0 | EC33: 0 | ED33: 0 | EE33: 0 | EF33: 0 | EG33: 0 | EH33: 0 | EI33: 0 | EJ33: 0 | EK33: 0 | EL33: 0 | EM33: 0 | EN33: 0 | EO33: 0 | EP33: 0 | EQ33: 0 | ER33: 0 | ES33: 0 | ET33: 0 | EU33: 0 | EV33: 0 | EW33: 0 | EX33: 0 | EY33: 0 | EZ33: 0 | FA33: 0 | FB33: 0 | FC33: 0 | FD33: 0 | FE33: 0 | FF33: 0 | FG33: 0 | FH33: 0 | FI33: 0 | FJ33: 0 | FK33: 0 | FL33: 0 | FM33: 0 | FN33: 0 | FO33: 0 | FP33: 0 | FQ33: 0 | FR33: 0 | FS33: 0 | FT33: 0 | FU33: 0 | FV33: 0 | FW33: 0 | FX33: 0 | FY33: 0 | FZ33: 0 | GA33: 0 | GB33: 0 | GC33: 0 | GD33: 0 | GE33: 0 | GF33: 0 | GG33: 0 | GH33: 0 | GI33: 0 | GJ33: 0 | GK33: 0 | GL33: 0 | GM33: 0 | GN33: 0 | GO33: 0 | GP33: 0 | GQ33: 0 | GR33: 0 | GS33: 0 | GT33: 0 | GU33: 0 | GV33: 0 | GW33: 0 | GX33: 0 | GY33: 0 | GZ33: 0 | HA33: 0 | HB33: 0 | HC33: 0 | HD33: 0 | HE33: 0 | HF33: 0 | HG33: 0 | HH33: 0 | HI33: 0 | HJ33: 0 | HK33: 0 | HL33: 0 | HM33: 0 | HN33: 0 | HO33: 0 | HP33: 0 | HQ33: 0 | HR33: 0 | HS33: 0 | HT33: 0 | HU33: 0 | HV33: 0 | HW33: 0 | HX33: 0 | HY33: 0 | HZ33: 0 | IA33: 0 | IB33: 0 | IC33: 0 | ID33: 0 | IE33: 0 | IF33: 0 | IG33: 0 | IH33: 0 | II33: 0 | IJ33: 0 | IK33: 0 | IL33: 0 | IM33: 0 | IN33: 0 | IO33: 0 | IP33: 0 | IQ33: 0 | IR33: 0 | IS33: 0 | IT33: 0 | IU33: 0 | IV33: 0 | IW33: 0 | IX33: 0 | IY33: 0 | IZ33: 0 | JA33: 0 | JB33: 0 | JC33: 0 | JD33: 0 | JE33: 0 | JF33: 0 | JG33: 0 | JH33: 0 | JI33: 0 | JJ33: 0 | JK33: 0 | JL33: 0 | JM33: 0 | JN33: 0 | JO33: 0 | JP33: 0 | JQ33: 0 | JR33: 0 | JS33: 0 | JT33: 0 | JU33: 0 | JV33: 0 | JW33: 0 | JX33: 0 | JY33: 0 | JZ33: 0 | KA33: 0 | KB33: 0 | KC33: 0 | KD33: 0 | KE33: 0 | KF33: 0 | KG33: 0 | KH33: 0 | KI33: 0 | KJ33: 0 | KK33: 0 | KL33: 0 | KM33: 0 | KN33: 0 | KO33: 0 | KP33: 0 | KQ33: 0 | KR33: 0 | KS33: 0 | KT33: 0 | KU33: 0 | KV33: 0 | KW33: 0 | KX33: 0 | KY33: 0 | KZ33: 0 | LA33: 0 | LB33: 0 | LC33: 0 | LD33: 0 | LE33: 0 | LF33: 0 | LG33: 0 | LH33: 0 | LI33: 0 | LJ33: 0 | LK33: 0 | LL33: 0 | LM33: 0 | LN33: 0 | LO33: 0 | LP33: 0 | LQ33: 0 | LR33: 0 | LS33: 0 | LT33: 0 | LU33: 0 | LV33: 0 | LW33: 0 | LX33: 0 | LY33: 0 | LZ33: 0 | MA33: 0 | MB33: 0 | MC33: 0 | MD33: 0 | ME33: 0
G34: 실행
F35: 광학계 Maint Z축 | G35: 계획 | H35: 0 | I35: 0 | J35: 0 | K35: 0 | L35: 0 | M35: 0 | N35: 0 | O35: 0 | P35: 0 | Q35: 0 | R35: 0 | S35: 0 | T35: 0 | U35: 0 | V35: 0 | W35: 0 | X35: 0 | Y35: 0 | Z35: 0 | AA35: 0 | AB35: 0 | AC35: 0 | AD35: 0 | AE35: 0 | AF35: 0 | AG35: 0 | AH35: 0 | AI35: 0 | AJ35: 0 | AK35: 0 | AL35: 0 | AM35: 0 | AN35: 0 | AO35: 0 | AP35: 0 | AQ35: 0 | AR35: 0 | AS35: 0 | AT35: 0 | AU35: 0 | AV35: 0 | AW35: 0 | AX35: 0 | AY35: 0 | AZ35: 0 | BA35: 0 | BB35: 0 | BC35: 0 | BD35: 0 | BE35: 0 | BF35: 0 | BG35: 0 | BH35: 0 | BI35: 0 | BJ35: 0 | BK35: 0 | BL35: 0 | BM35: 1 | BN35: 1 | BO35: 0 | BP35: 0 | BQ35: 0 | BR35: 0 | BS35: 0 | BT35: 0 | BU35: 0 | BV35: 0 | BW35: 0 | BX35: 0 | BY35: 0 | BZ35: 0 | CA35: 0 | CB35: 0 | CC35: 0 | CD35: 0 | CE35: 0 | CF35: 0 | CG35: 0 | CH35: 0 | CI35: 0 | CJ35: 0 | CK35: 0 | CL35: 0 | CM35: 0 | CN35: 0 | CO35: 0 | CP35: 0 | CQ35: 0 | CR35: 0 | CS35: 0 | CT35: 0 | CU35: 0 | CV35: 0 | CW35: 0 | CX35: 2 | CY35: 2 | CZ35: 0 | DA35: 0 | DB35: 0 | DC35: 0 | DD35: 0 | DE35: 0 | DF35: 0 | DG35: 0 | DH35: 0 | DI35: 0 | DJ35: 0 | DK35: 0 | DL35: 0 | DM35: 0 | DN35: 0 | DO35: 0 | DP35: 0 | DQ35: 0 | DR35: 0 | DS35: 0 | DT35: 0 | DU35: 0 | DV35: 0 | DW35: 0 | DX35: 0 | DY35: 0 | DZ35: 0 | EA35: 0 | EB35: 0 | EC35: 0 | ED35: 0 | EE35: 0 | EF35: 0 | EG35: 0 | EH35: 0 | EI35: 0 | EJ35: 0 | EK35: 0 | EL35: 0 | EM35: 0 | EN35: 0 | EO35: 0 | EP35: 0 | EQ35: 0 | ER35: 0 | ES35: 0 | ET35: 0 | EU35: 0 | EV35: 0 | EW35: 0 | EX35: 0 | EY35: 0 | EZ35: 0 | FA35: 0 | FB35: 0 | FC35: 0 | FD35: 0 | FE35: 0 | FF35: 0 | FG35: 0 | FH35: 0 | FI35: 0 | FJ35: 0 | FK35: 0 | FL35: 0 | FM35: 0 | FN35: 0 | FO35: 0 | FP35: 0 | FQ35: 0 | FR35: 0 | FS35: 0 | FT35: 0 | FU35: 0 | FV35: 0 | FW35: 0 | FX35: 0 | FY35: 0 | FZ35: 0 | GA35: 0 | GB35: 0 | GC35: 0 | GD35: 0 | GE35: 0 | GF35: 0 | GG35: 0 | GH35: 0 | GI35: 0 | GJ35: 0 | GK35: 0 | GL35: 0 | GM35: 0 | GN35: 0 | GO35: 0 | GP35: 0 | GQ35: 0 | GR35: 0 | GS35: 0 | GT35: 0 | GU35: 0 | GV35: 0 | GW35: 0 | GX35: 0 | GY35: 0 | GZ35: 0 | HA35: 0 | HB35: 0 | HC35: 0 | HD35: 0 | HE35: 0 | HF35: 0 | HG35: 0 | HH35: 0 | HI35: 0 | HJ35: 0 | HK35: 0 | HL35: 0 | HM35: 0 | HN35: 0 | HO35: 0 | HP35: 0 | HQ35: 0 | HR35: 0 | HS35: 0 | HT35: 0 | HU35: 0 | HV35: 0 | HW35: 0 | HX35: 0 | HY35: 0 | HZ35: 0 | IA35: 0 | IB35: 0 | IC35: 0 | ID35: 0 | IE35: 0 | IF35: 0 | IG35: 0 | IH35: 0 | II35: 0 | IJ35: 0 | IK35: 0 | IL35: 0 | IM35: 0 | IN35: 0 | IO35: 0 | IP35: 0 | IQ35: 0 | IR35: 0 | IS35: 0 | IT35: 0 | IU35: 0 | IV35: 0 | IW35: 0 | IX35: 0 | IY35: 0 | IZ35: 0 | JA35: 0 | JB35: 0 | JC35: 0 | JD35: 0 | JE35: 0 | JF35: 0 | JG35: 0 | JH35: 0 | JI35: 0 | JJ35: 0 | JK35: 0 | JL35: 0 | JM35: 0 | JN35: 0 | JO35: 0 | JP35: 0 | JQ35: 0 | JR35: 0 | JS35: 0 | JT35: 0 | JU35: 0 | JV35: 0 | JW35: 0 | JX35: 0 | JY35: 0 | JZ35: 0 | KA35: 0 | KB35: 0 | KC35: 0 | KD35: 0 | KE35: 0 | KF35: 0 | KG35: 0 | KH35: 0 | KI35: 0 | KJ35: 0 | KK35: 0 | KL35: 0 | KM35: 0 | KN35: 0 | KO35: 0 | KP35: 0 | KQ35: 0 | KR35: 0 | KS35: 0 | KT35: 0 | KU35: 0 | KV35: 0 | KW35: 0 | KX35: 0 | KY35: 0 | KZ35: 0 | LA35: 0 | LB35: 0 | LC35: 0 | LD35: 0 | LE35: 0 | LF35: 0 | LG35: 0 | LH35: 0 | LI35: 0 | LJ35: 0 | LK35: 0 | LL35: 0 | LM35: 0 | LN35: 0 | LO35: 0 | LP35: 0 | LQ35: 0 | LR35: 0 | LS35: 0 | LT35: 0 | LU35: 0 | LV35: 0 | LW35: 0 | LX35: 0 | LY35: 0 | LZ35: 0 | MA35: 0 | MB35: 0 | MC35: 0 | MD35: 0 | ME35: 0
G36: 실행
F37: 보호윈도우 주행 | G37: 계획 | H37: 0 | I37: 0 | J37: 0 | K37: 0 | L37: 0 | M37: 0 | N37: 0 | O37: 0 | P37: 0 | Q37: 0 | R37: 0 | S37: 0 | T37: 0 | U37: 0 | V37: 0 | W37: 0 | X37: 0 | Y37: 0 | Z37: 0 | AA37: 0 | AB37: 0 | AC37: 0 | AD37: 0 | AE37: 0 | AF37: 0 | AG37: 0 | AH37: 0 | AI37: 0 | AJ37: 0 | AK37: 0 | AL37: 0 | AM37: 0 | AN37: 0 | AO37: 0 | AP37: 0 | AQ37: 0 | AR37: 0 | AS37: 0 | AT37: 0 | AU37: 0 | AV37: 0 | AW37: 0 | AX37: 0 | AY37: 0 | AZ37: 0 | BA37: 0 | BB37: 0 | BC37: 0 | BD37: 0 | BE37: 0 | BF37: 0 | BG37: 0 | BH37: 0 | BI37: 0 | BJ37: 0 | BK37: 0 | BL37: 0 | BM37: 0 | BN37: 0 | BO37: 1 | BP37: 1 | BQ37: 0 | BR37: 0 | BS37: 0 | BT37: 0 | BU37: 0 | BV37: 0 | BW37: 0 | BX37: 0 | BY37: 0 | BZ37: 0 | CA37: 0 | CB37: 0 | CC37: 0 | CD37: 0 | CE37: 0 | CF37: 0 | CG37: 0 | CH37: 0 | CI37: 0 | CJ37: 0 | CK37: 0 | CL37: 0 | CM37: 0 | CN37: 0 | CO37: 0 | CP37: 0 | CQ37: 0 | CR37: 0 | CS37: 0 | CT37: 0 | CU37: 0 | CV37: 0 | CW37: 0 | CX37: 0 | CY37: 0 | CZ37: 2 | DA37: 2 | DB37: 0 | DC37: 0 | DD37: 0 | DE37: 0 | DF37: 0 | DG37: 0 | DH37: 0 | DI37: 0 | DJ37: 0 | DK37: 0 | DL37: 0 | DM37: 0 | DN37: 0 | DO37: 0 | DP37: 0 | DQ37: 0 | DR37: 0 | DS37: 0 | DT37: 0 | DU37: 0 | DV37: 0 | DW37: 0 | DX37: 0 | DY37: 0 | DZ37: 0 | EA37: 0 | EB37: 0 | EC37: 0 | ED37: 0 | EE37: 0 | EF37: 0 | EG37: 0 | EH37: 0 | EI37: 0 | EJ37: 0 | EK37: 0 | EL37: 0 | EM37: 0 | EN37: 0 | EO37: 0 | EP37: 0 | EQ37: 0 | ER37: 0 | ES37: 0 | ET37: 0 | EU37: 0 | EV37: 0 | EW37: 0 | EX37: 0 | EY37: 0 | EZ37: 0 | FA37: 0 | FB37: 0 | FC37: 0 | FD37: 0 | FE37: 0 | FF37: 0 | FG37: 0 | FH37: 0 | FI37: 0 | FJ37: 0 | FK37: 0 | FL37: 0 | FM37: 0 | FN37: 0 | FO37: 0 | FP37: 0 | FQ37: 0 | FR37: 0 | FS37: 0 | FT37: 0 | FU37: 0 | FV37: 0 | FW37: 0 | FX37: 0 | FY37: 0 | FZ37: 0 | GA37: 0 | GB37: 0 | GC37: 0 | GD37: 0 | GE37: 0 | GF37: 0 | GG37: 0 | GH37: 0 | GI37: 0 | GJ37: 0 | GK37: 0 | GL37: 0 | GM37: 0 | GN37: 0 | GO37: 0 | GP37: 0 | GQ37: 0 | GR37: 0 | GS37: 0 | GT37: 0 | GU37: 0 | GV37: 0 | GW37: 0 | GX37: 0 | GY37: 0 | GZ37: 0 | HA37: 0 | HB37: 0 | HC37: 0 | HD37: 0 | HE37: 0 | HF37: 0 | HG37: 0 | HH37: 0 | HI37: 0 | HJ37: 0 | HK37: 0 | HL37: 0 | HM37: 0 | HN37: 0 | HO37: 0 | HP37: 0 | HQ37: 0 | HR37: 0 | HS37: 0 | HT37: 0 | HU37: 0 | HV37: 0 | HW37: 0 | HX37: 0 | HY37: 0 | HZ37: 0 | IA37: 0 | IB37: 0 | IC37: 0 | ID37: 0 | IE37: 0 | IF37: 0 | IG37: 0 | IH37: 0 | II37: 0 | IJ37: 0 | IK37: 0 | IL37: 0 | IM37: 0 | IN37: 0 | IO37: 0 | IP37: 0 | IQ37: 0 | IR37: 0 | IS37: 0 | IT37: 0 | IU37: 0 | IV37: 0 | IW37: 0 | IX37: 0 | IY37: 0 | IZ37: 0 | JA37: 0 | JB37: 0 | JC37: 0 | JD37: 0 | JE37: 0 | JF37: 0 | JG37: 0 | JH37: 0 | JI37: 0 | JJ37: 0 | JK37: 0 | JL37: 0 | JM37: 0 | JN37: 0 | JO37: 0 | JP37: 0 | JQ37: 0 | JR37: 0 | JS37: 0 | JT37: 0 | JU37: 0 | JV37: 0 | JW37: 0 | JX37: 0 | JY37: 0 | JZ37: 0 | KA37: 0 | KB37: 0 | KC37: 0 | KD37: 0 | KE37: 0 | KF37: 0 | KG37: 0 | KH37: 0 | KI37: 0 | KJ37: 0 | KK37: 0 | KL37: 0 | KM37: 0 | KN37: 0 | KO37: 0 | KP37: 0 | KQ37: 0 | KR37: 0 | KS37: 0 | KT37: 0 | KU37: 0 | KV37: 0 | KW37: 0 | KX37: 0 | KY37: 0 | KZ37: 0 | LA37: 0 | LB37: 0 | LC37: 0 | LD37: 0 | LE37: 0 | LF37: 0 | LG37: 0 | LH37: 0 | LI37: 0 | LJ37: 0 | LK37: 0 | LL37: 0 | LM37: 0 | LN37: 0 | LO37: 0 | LP37: 0 | LQ37: 0 | LR37: 0 | LS37: 0 | LT37: 0 | LU37: 0 | LV37: 0 | LW37: 0 | LX37: 0 | LY37: 0 | LZ37: 0 | MA37: 0 | MB37: 0 | MC37: 0 | MD37: 0 | ME37: 0
G38: 실행
F39: ESC 평탄도 Setting | G39: 계획 | H39: 0 | I39: 0 | J39: 0 | K39: 0 | L39: 0 | M39: 0 | N39: 0 | O39: 0 | P39: 0 | Q39: 0 | R39: 0 | S39: 0 | T39: 0 | U39: 0 | V39: 0 | W39: 0 | X39: 0 | Y39: 0 | Z39: 0 | AA39: 0 | AB39: 0 | AC39: 0 | AD39: 0 | AE39: 0 | AF39: 0 | AG39: 0 | AH39: 0 | AI39: 0 | AJ39: 0 | AK39: 0 | AL39: 0 | AM39: 0 | AN39: 0 | AO39: 0 | AP39: 0 | AQ39: 0 | AR39: 0 | AS39: 0 | AT39: 0 | AU39: 0 | AV39: 0 | AW39: 0 | AX39: 0 | AY39: 0 | AZ39: 0 | BA39: 0 | BB39: 0 | BC39: 0 | BD39: 0 | BE39: 0 | BF39: 0 | BG39: 0 | BH39: 0 | BI39: 0 | BJ39: 0 | BK39: 0 | BL39: 0 | BM39: 0 | BN39: 0 | BO39: 0 | BP39: 0 | BQ39: 1 | BR39: 1 | BS39: 0 | BT39: 0 | BU39: 0 | BV39: 0 | BW39: 0 | BX39: 0 | BY39: 0 | BZ39: 0 | CA39: 0 | CB39: 0 | CC39: 0 | CD39: 0 | CE39: 0 | CF39: 0 | CG39: 0 | CH39: 0 | CI39: 0 | CJ39: 0 | CK39: 0 | CL39: 0 | CM39: 0 | CN39: 0 | CO39: 0 | CP39: 0 | CQ39: 0 | CR39: 0 | CS39: 0 | CT39: 0 | CU39: 0 | CV39: 0 | CW39: 0 | CX39: 0 | CY39: 0 | CZ39: 0 | DA39: 0 | DB39: 0 | DC39: 2 | DD39: 0 | DE39: 0 | DF39: 0 | DG39: 0 | DH39: 0 | DI39: 0 | DJ39: 0 | DK39: 0 | DL39: 0 | DM39: 0 | DN39: 0 | DO39: 0 | DP39: 0 | DQ39: 0 | DR39: 0 | DS39: 0 | DT39: 0 | DU39: 0 | DV39: 0 | DW39: 0 | DX39: 0 | DY39: 0 | DZ39: 0 | EA39: 0 | EB39: 0 | EC39: 0 | ED39: 0 | EE39: 0 | EF39: 0 | EG39: 0 | EH39: 0 | EI39: 0 | EJ39: 0 | EK39: 0 | EL39: 0 | EM39: 0 | EN39: 0 | EO39: 0 | EP39: 0 | EQ39: 0 | ER39: 0 | ES39: 0 | ET39: 0 | EU39: 0 | EV39: 0 | EW39: 0 | EX39: 0 | EY39: 0 | EZ39: 0 | FA39: 0 | FB39: 0 | FC39: 0 | FD39: 0 | FE39: 0 | FF39: 0 | FG39: 0 | FH39: 0 | FI39: 0 | FJ39: 0 | FK39: 0 | FL39: 0 | FM39: 0 | FN39: 0 | FO39: 0 | FP39: 0 | FQ39: 0 | FR39: 0 | FS39: 0 | FT39: 0 | FU39: 0 | FV39: 0 | FW39: 0 | FX39: 0 | FY39: 0 | FZ39: 0 | GA39: 0 | GB39: 0 | GC39: 0 | GD39: 0 | GE39: 0 | GF39: 0 | GG39: 0 | GH39: 0 | GI39: 0 | GJ39: 0 | GK39: 0 | GL39: 0 | GM39: 0 | GN39: 0 | GO39: 0 | GP39: 0 | GQ39: 0 | GR39: 0 | GS39: 0 | GT39: 0 | GU39: 0 | GV39: 0 | GW39: 0 | GX39: 0 | GY39: 0 | GZ39: 0 | HA39: 0 | HB39: 0 | HC39: 0 | HD39: 0 | HE39: 0 | HF39: 0 | HG39: 0 | HH39: 0 | HI39: 0 | HJ39: 0 | HK39: 0 | HL39: 0 | HM39: 0 | HN39: 0 | HO39: 0 | HP39: 0 | HQ39: 0 | HR39: 0 | HS39: 0 | HT39: 0 | HU39: 0 | HV39: 0 | HW39: 0 | HX39: 0 | HY39: 0 | HZ39: 0 | IA39: 0 | IB39: 0 | IC39: 0 | ID39: 0 | IE39: 0 | IF39: 0 | IG39: 0 | IH39: 0 | II39: 0 | IJ39: 0 | IK39: 0 | IL39: 0 | IM39: 0 | IN39: 0 | IO39: 0 | IP39: 0 | IQ39: 0 | IR39: 0 | IS39: 0 | IT39: 0 | IU39: 0 | IV39: 0 | IW39: 0 | IX39: 0 | IY39: 0 | IZ39: 0 | JA39: 0 | JB39: 0 | JC39: 0 | JD39: 0 | JE39: 0 | JF39: 0 | JG39: 0 | JH39: 0 | JI39: 0 | JJ39: 0 | JK39: 0 | JL39: 0 | JM39: 0 | JN39: 0 | JO39: 0 | JP39: 0 | JQ39: 0 | JR39: 0 | JS39: 0 | JT39: 0 | JU39: 0 | JV39: 0 | JW39: 0 | JX39: 0 | JY39: 0 | JZ39: 0 | KA39: 0 | KB39: 0 | KC39: 0 | KD39: 0 | KE39: 0 | KF39: 0 | KG39: 0 | KH39: 0 | KI39: 0 | KJ39: 0 | KK39: 0 | KL39: 0 | KM39: 0 | KN39: 0 | KO39: 0 | KP39: 0 | KQ39: 0 | KR39: 0 | KS39: 0 | KT39: 0 | KU39: 0 | KV39: 0 | KW39: 0 | KX39: 0 | KY39: 0 | KZ39: 0 | LA39: 0 | LB39: 0 | LC39: 0 | LD39: 0 | LE39: 0 | LF39: 0 | LG39: 0 | LH39: 0 | LI39: 0 | LJ39: 0 | LK39: 0 | LL39: 0 | LM39: 0 | LN39: 0 | LO39: 0 | LP39: 0 | LQ39: 0 | LR39: 0 | LS39: 0 | LT39: 0 | LU39: 0 | LV39: 0 | LW39: 0 | LX39: 0 | LY39: 0 | LZ39: 0 | MA39: 0 | MB39: 0 | MC39: 0 | MD39: 0 | ME39: 0
G40: 실행
C41: 연동 평가 (제어+H/W셋팅+Dry run) | F41: 기판 물류(Dry Run 20회, 기판 유/무 확인 필요) | G41: 계획 | H41: 0 | I41: 0 | J41: 0 | K41: 0 | L41: 0 | M41: 0 | N41: 0 | O41: 0 | P41: 0 | Q41: 0 | R41: 0 | S41: 0 | T41: 0 | U41: 0 | V41: 0 | W41: 0 | X41: 0 | Y41: 0 | Z41: 0 | AA41: 0 | AB41: 0 | AC41: 0 | AD41: 0 | AE41: 0 | AF41: 0 | AG41: 0 | AH41: 0 | AI41: 0 | AJ41: 0 | AK41: 0 | AL41: 0 | AM41: 0 | AN41: 0 | AO41: 0 | AP41: 0 | AQ41: 0 | AR41: 0 | AS41: 0 | AT41: 0 | AU41: 0 | AV41: 0 | AW41: 0 | AX41: 0 | AY41: 0 | AZ41: 0 | BA41: 0 | BB41: 0 | BC41: 0 | BD41: 0 | BE41: 0 | BF41: 0 | BG41: 0 | BH41: 0 | BI41: 0 | BJ41: 0 | BK41: 0 | BL41: 0 | BM41: 0 | BN41: 0 | BO41: 0 | BP41: 0 | BQ41: 0 | BR41: 0 | BS41: 0 | BT41: 0 | BU41: 0 | BV41: 1 | BW41: 1 | BX41: 1 | BY41: 1 | BZ41: 0 | CA41: 1 | CB41: 0 | CC41: 0 | CD41: 0 | CE41: 0 | CF41: 0 | CG41: 0 | CH41: 0 | CI41: 0 | CJ41: 0 | CK41: 0 | CL41: 0 | CM41: 0 | CN41: 0 | CO41: 0 | CP41: 0 | CQ41: 0 | CR41: 0 | CS41: 0 | CT41: 0 | CU41: 0 | CV41: 0 | CW41: 0 | CX41: 0 | CY41: 0 | CZ41: 0 | DA41: 0 | DB41: 0 | DC41: 0 | DD41: 0 | DE41: 0 | DF41: 0 | DG41: 2 | DH41: 2 | DI41: 0 | DJ41: 2 | DK41: 2 | DL41: 2 | DM41: 0 | DN41: 0 | DO41: 0 | DP41: 0 | DQ41: 0 | DR41: 0 | DS41: 0 | DT41: 0 | DU41: 0 | DV41: 0 | DW41: 0 | DX41: 0 | DY41: 0 | DZ41: 0 | EA41: 0 | EB41: 0 | EC41: 0 | ED41: 0 | EE41: 0 | EF41: 0 | EG41: 0 | EH41: 0 | EI41: 0 | EJ41: 0 | EK41: 0 | EL41: 0 | EM41: 0 | EN41: 0 | EO41: 0 | EP41: 0 | EQ41: 0 | ER41: 0 | ES41: 0 | ET41: 0 | EU41: 0 | EV41: 0 | EW41: 0 | EX41: 0 | EY41: 0 | EZ41: 0 | FA41: 0 | FB41: 0 | FC41: 0 | FD41: 0 | FE41: 0 | FF41: 0 | FG41: 0 | FH41: 0 | FI41: 0 | FJ41: 0 | FK41: 0 | FL41: 0 | FM41: 0 | FN41: 0 | FO41: 0 | FP41: 0 | FQ41: 0 | FR41: 0 | FS41: 0 | FT41: 0 | FU41: 0 | FV41: 0 | FW41: 0 | FX41: 0 | FY41: 0 | FZ41: 0 | GA41: 0 | GB41: 0 | GC41: 0 | GD41: 0 | GE41: 0 | GF41: 0 | GG41: 0 | GH41: 0 | GI41: 0 | GJ41: 0 | GK41: 0 | GL41: 0 | GM41: 0 | GN41: 0 | GO41: 0 | GP41: 0 | GQ41: 0 | GR41: 0 | GS41: 0 | GT41: 0 | GU41: 0 | GV41: 0 | GW41: 0 | GX41: 0 | GY41: 0 | GZ41: 0 | HA41: 0 | HB41: 0 | HC41: 0 | HD41: 0 | HE41: 0 | HF41: 0 | HG41: 0 | HH41: 0 | HI41: 0 | HJ41: 0 | HK41: 0 | HL41: 0 | HM41: 0 | HN41: 0 | HO41: 0 | HP41: 0 | HQ41: 0 | HR41: 0 | HS41: 0 | HT41: 0 | HU41: 0 | HV41: 0 | HW41: 0 | HX41: 0 | HY41: 0 | HZ41: 0 | IA41: 0 | IB41: 0 | IC41: 0 | ID41: 0 | IE41: 0 | IF41: 0 | IG41: 0 | IH41: 0 | II41: 0 | IJ41: 0 | IK41: 0 | IL41: 0 | IM41: 0 | IN41: 0 | IO41: 0 | IP41: 0 | IQ41: 0 | IR41: 0 | IS41: 0 | IT41: 0 | IU41: 0 | IV41: 0 | IW41: 0 | IX41: 0 | IY41: 0 | IZ41: 0 | JA41: 0 | JB41: 0 | JC41: 0 | JD41: 0 | JE41: 0 | JF41: 0 | JG41: 0 | JH41: 0 | JI41: 0 | JJ41: 0 | JK41: 0 | JL41: 0 | JM41: 0 | JN41: 0 | JO41: 0 | JP41: 0 | JQ41: 0 | JR41: 0 | JS41: 0 | JT41: 0 | JU41: 0 | JV41: 0 | JW41: 0 | JX41: 0 | JY41: 0 | JZ41: 0 | KA41: 0 | KB41: 0 | KC41: 0 | KD41: 0 | KE41: 0 | KF41: 0 | KG41: 0 | KH41: 0 | KI41: 0 | KJ41: 0 | KK41: 0 | KL41: 0 | KM41: 0 | KN41: 0 | KO41: 0 | KP41: 0 | KQ41: 0 | KR41: 0 | KS41: 0 | KT41: 0 | KU41: 0 | KV41: 0 | KW41: 0 | KX41: 0 | KY41: 0 | KZ41: 0 | LA41: 0 | LB41: 0 | LC41: 0 | LD41: 0 | LE41: 0 | LF41: 0 | LG41: 0 | LH41: 0 | LI41: 0 | LJ41: 0 | LK41: 0 | LL41: 0 | LM41: 0 | LN41: 0 | LO41: 0 | LP41: 0 | LQ41: 0 | LR41: 0 | LS41: 0 | LT41: 0 | LU41: 0 | LV41: 0 | LW41: 0 | LX41: 0 | LY41: 0 | LZ41: 0 | MA41: 0 | MB41: 0 | MC41: 0 | MD41: 0 | ME41: 0
G42: 실행
C43: Laser 가공 평가 필옵틱스 + 원익 | F43: 전기 턴온 | G43: 계획 | H43: 0 | I43: 0 | J43: 0 | K43: 0 | L43: 0 | M43: 0 | N43: 0 | O43: 0 | P43: 0 | Q43: 0 | R43: 0 | S43: 0 | T43: 0 | U43: 0 | V43: 0 | W43: 0 | X43: 0 | Y43: 0 | Z43: 0 | AA43: 0 | AB43: 0 | AC43: 0 | AD43: 0 | AE43: 0 | AF43: 0 | AG43: 0 | AH43: 0 | AI43: 0 | AJ43: 0 | AK43: 0 | AL43: 0 | AM43: 0 | AN43: 0 | AO43: 0 | AP43: 0 | AQ43: 0 | AR43: 0 | AS43: 0 | AT43: 0 | AU43: 1 | AV43: 0 | AW43: 0 | AX43: 0 | AY43: 0 | AZ43: 0 | BA43: 0 | BB43: 0 | BC43: 0 | BD43: 0 | BE43: 0 | BF43: 0 | BG43: 0 | BH43: 0 | BI43: 0 | BJ43: 0 | BK43: 0 | BL43: 0 | BM43: 0 | BN43: 0 | BO43: 0 | BP43: 0 | BQ43: 0 | BR43: 0 | BS43: 0 | BT43: 0 | BU43: 0 | BV43: 0 | BW43: 0 | BX43: 0 | BY43: 0 | BZ43: 0 | CA43: 0 | CB43: 0 | CC43: 0 | CD43: 0 | CE43: 0 | CF43: 2 | CG43: 0 | CH43: 0 | CI43: 0 | CJ43: 0 | CK43: 0 | CL43: 0 | CM43: 0 | CN43: 0 | CO43: 0 | CP43: 0 | CQ43: 0 | CR43: 0 | CS43: 0 | CT43: 0 | CU43: 0 | CV43: 0 | CW43: 0 | CX43: 0 | CY43: 0 | CZ43: 0 | DA43: 0 | DB43: 0 | DC43: 0 | DD43: 0 | DE43: 0 | DF43: 0 | DG43: 0 | DH43: 0 | DI43: 0 | DJ43: 0 | DK43: 0 | DL43: 0 | DM43: 0 | DN43: 0 | DO43: 0 | DP43: 0 | DQ43: 0 | DR43: 0 | DS43: 0 | DT43: 0 | DU43: 0 | DV43: 0 | DW43: 0 | DX43: 0 | DY43: 0 | DZ43: 0 | EA43: 0 | EB43: 0 | EC43: 0 | ED43: 0 | EE43: 0 | EF43: 0 | EG43: 0 | EH43: 0 | EI43: 0 | EJ43: 0 | EK43: 0 | EL43: 0 | EM43: 0 | EN43: 0 | EO43: 0 | EP43: 0 | EQ43: 0 | ER43: 0 | ES43: 0 | ET43: 0 | EU43: 0 | EV43: 0 | EW43: 0 | EX43: 0 | EY43: 0 | EZ43: 0 | FA43: 0 | FB43: 0 | FC43: 0 | FD43: 0 | FE43: 0 | FF43: 0 | FG43: 0 | FH43: 0 | FI43: 0 | FJ43: 0 | FK43: 0 | FL43: 0 | FM43: 0 | FN43: 0 | FO43: 0 | FP43: 0 | FQ43: 0 | FR43: 0 | FS43: 0 | FT43: 0 | FU43: 0 | FV43: 0 | FW43: 0 | FX43: 0 | FY43: 0 | FZ43: 0 | GA43: 0 | GB43: 0 | GC43: 0 | GD43: 0 | GE43: 0 | GF43: 0 | GG43: 0 | GH43: 0 | GI43: 0 | GJ43: 0 | GK43: 0 | GL43: 0 | GM43: 0 | GN43: 0 | GO43: 0 | GP43: 0 | GQ43: 0 | GR43: 0 | GS43: 0 | GT43: 0 | GU43: 0 | GV43: 0 | GW43: 0 | GX43: 0 | GY43: 0 | GZ43: 0 | HA43: 0 | HB43: 0 | HC43: 0 | HD43: 0 | HE43: 0 | HF43: 0 | HG43: 0 | HH43: 0 | HI43: 0 | HJ43: 0 | HK43: 0 | HL43: 0 | HM43: 0 | HN43: 0 | HO43: 0 | HP43: 0 | HQ43: 0 | HR43: 0 | HS43: 0 | HT43: 0 | HU43: 0 | HV43: 0 | HW43: 0 | HX43: 0 | HY43: 0 | HZ43: 0 | IA43: 0 | IB43: 0 | IC43: 0 | ID43: 0 | IE43: 0 | IF43: 0 | IG43: 0 | IH43: 0 | II43: 0 | IJ43: 0 | IK43: 0 | IL43: 0 | IM43: 0 | IN43: 0 | IO43: 0 | IP43: 0 | IQ43: 0 | IR43: 0 | IS43: 0 | IT43: 0 | IU43: 0 | IV43: 0 | IW43: 0 | IX43: 0 | IY43: 0 | IZ43: 0 | JA43: 0 | JB43: 0 | JC43: 0 | JD43: 0 | JE43: 0 | JF43: 0 | JG43: 0 | JH43: 0 | JI43: 0 | JJ43: 0 | JK43: 0 | JL43: 0 | JM43: 0 | JN43: 0 | JO43: 0 | JP43: 0 | JQ43: 0 | JR43: 0 | JS43: 0 | JT43: 0 | JU43: 0 | JV43: 0 | JW43: 0 | JX43: 0 | JY43: 0 | JZ43: 0 | KA43: 0 | KB43: 0 | KC43: 0 | KD43: 0 | KE43: 0 | KF43: 0 | KG43: 0 | KH43: 0 | KI43: 0 | KJ43: 0 | KK43: 0 | KL43: 0 | KM43: 0 | KN43: 0 | KO43: 0 | KP43: 0 | KQ43: 0 | KR43: 0 | KS43: 0 | KT43: 0 | KU43: 0 | KV43: 0 | KW43: 0 | KX43: 0 | KY43: 0 | KZ43: 0 | LA43: 0 | LB43: 0 | LC43: 0 | LD43: 0 | LE43: 0 | LF43: 0 | LG43: 0 | LH43: 0 | LI43: 0 | LJ43: 0 | LK43: 0 | LL43: 0 | LM43: 0 | LN43: 0 | LO43: 0 | LP43: 0 | LQ43: 0 | LR43: 0 | LS43: 0 | LT43: 0 | LU43: 0 | LV43: 0 | LW43: 0 | LX43: 0 | LY43: 0 | LZ43: 0 | MA43: 0 | MB43: 0 | MC43: 0 | MD43: 0 | ME43: 0
G44: 실행
F45: I/O Check | G45: 계획 | H45: 0 | I45: 0 | J45: 0 | K45: 0 | L45: 0 | M45: 0 | N45: 0 | O45: 0 | P45: 0 | Q45: 0 | R45: 0 | S45: 0 | T45: 0 | U45: 0 | V45: 0 | W45: 0 | X45: 0 | Y45: 0 | Z45: 0 | AA45: 0 | AB45: 0 | AC45: 0 | AD45: 0 | AE45: 0 | AF45: 0 | AG45: 0 | AH45: 0 | AI45: 0 | AJ45: 0 | AK45: 0 | AL45: 0 | AM45: 0 | AN45: 0 | AO45: 0 | AP45: 0 | AQ45: 0 | AR45: 0 | AS45: 0 | AT45: 0 | AU45: 1 | AV45: 1 | AW45: 1 | AX45: 0 | AY45: 1 | AZ45: 1 | BA45: 1 | BB45: 1 | BC45: 1 | BD45: 1 | BE45: 0 | BJ45: 1 | BK45: 1 | BL45: 0 | BO45: 1 | BP45: 1 | BQ45: 0 | BR45: 0 | BS45: 0 | BT45: 0 | BU45: 0 | BV45: 0 | BW45: 0 | BX45: 0 | BY45: 0 | BZ45: 0 | CA45: 0 | CB45: 0 | CC45: 0 | CD45: 0 | CE45: 0 | CF45: 2 | CG45: 0 | CH45: 2 | CI45: 2 | CJ45: 2 | CK45: 2 | CL45: 0 | CM45: 2 | CN45: 0 | CO45: 2 | CP45: 2 | CQ45: 2 | CR45: 2 | CS45: 2 | CT45: 2 | CU45: 0 | CV45: 2 | CW45: 2 | CX45: 2 | CY45: 2 | CZ45: 2 | DA45: 2 | DB45: 0 | DC45: 0 | DD45: 0 | DE45: 0 | DF45: 0 | DG45: 0 | DH45: 0 | DI45: 0 | DJ45: 0 | DK45: 0 | DL45: 0 | DM45: 0 | DN45: 0 | DO45: 0 | DP45: 0 | DQ45: 0 | DR45: 0 | DS45: 0 | DT45: 0 | DU45: 0 | DV45: 0 | DW45: 0 | DX45: 0 | DY45: 0 | DZ45: 0 | EA45: 0 | EB45: 0 | EC45: 0 | ED45: 0 | EE45: 0 | EF45: 0 | EG45: 0 | EH45: 0 | EI45: 0 | EJ45: 0 | EK45: 0 | EL45: 0 | EM45: 0 | EN45: 0 | EO45: 0 | EP45: 0 | EQ45: 0 | ER45: 0 | ES45: 0 | ET45: 0 | EU45: 0 | EV45: 0 | EW45: 0 | EX45: 0 | EY45: 0 | EZ45: 0 | FA45: 0 | FB45: 0 | FC45: 0 | FD45: 0 | FE45: 0 | FF45: 0 | FG45: 0 | FH45: 0 | FI45: 0 | FJ45: 0 | FK45: 0 | FL45: 0 | FM45: 0 | FN45: 0 | FO45: 0 | FP45: 0 | FQ45: 0 | FR45: 0 | FS45: 0 | FT45: 0 | FU45: 0 | FV45: 0 | FW45: 0 | FX45: 0 | FY45: 0 | FZ45: 0 | GA45: 0 | GB45: 0 | GC45: 0 | GD45: 0 | GE45: 0 | GF45: 0 | GG45: 0 | GH45: 0 | GI45: 0 | GJ45: 0 | GK45: 0 | GL45: 0 | GM45: 0 | GN45: 0 | GO45: 0 | GP45: 0 | GQ45: 0 | GR45: 0 | GS45: 0 | GT45: 0 | GU45: 0 | GV45: 0 | GW45: 0 | GX45: 0 | GY45: 0 | GZ45: 0 | HA45: 0 | HB45: 0 | HC45: 0 | HD45: 0 | HE45: 0 | HF45: 0 | HG45: 0 | HH45: 0 | HI45: 0 | HJ45: 0 | HK45: 0 | HL45: 0 | HM45: 0 | HN45: 0 | HO45: 0 | HP45: 0 | HQ45: 0 | HR45: 0 | HS45: 0 | HT45: 0 | HU45: 0 | HV45: 0 | HW45: 0 | HX45: 0 | HY45: 0 | HZ45: 0 | IA45: 0 | IB45: 0 | IC45: 0 | ID45: 0 | IE45: 0 | IF45: 0 | IG45: 0 | IH45: 0 | II45: 0 | IJ45: 0 | IK45: 0 | IL45: 0 | IM45: 0 | IN45: 0 | IO45: 0 | IP45: 0 | IQ45: 0 | IR45: 0 | IS45: 0 | IT45: 0 | IU45: 0 | IV45: 0 | IW45: 0 | IX45: 0 | IY45: 0 | IZ45: 0 | JA45: 0 | JB45: 0 | JC45: 0 | JD45: 0 | JE45: 0 | JF45: 0 | JG45: 0 | JH45: 0 | JI45: 0 | JJ45: 0 | JK45: 0 | JL45: 0 | JM45: 0 | JN45: 0 | JO45: 0 | JP45: 0 | JQ45: 0 | JR45: 0 | JS45: 0 | JT45: 0 | JU45: 0 | JV45: 0 | JW45: 0 | JX45: 0 | JY45: 0 | JZ45: 0 | KA45: 0 | KB45: 0 | KC45: 0 | KD45: 0 | KE45: 0 | KF45: 0 | KG45: 0 | KH45: 0 | KI45: 0 | KJ45: 0 | KK45: 0 | KL45: 0 | KM45: 0 | KN45: 0 | KO45: 0 | KP45: 0 | KQ45: 0 | KR45: 0 | KS45: 0 | KT45: 0 | KU45: 0 | KV45: 0 | KW45: 0 | KX45: 0 | KY45: 0 | KZ45: 0 | LA45: 0 | LB45: 0 | LC45: 0 | LD45: 0 | LE45: 0 | LF45: 0 | LG45: 0 | LH45: 0 | LI45: 0 | LJ45: 0 | LK45: 0 | LL45: 0 | LM45: 0 | LN45: 0 | LO45: 0 | LP45: 0 | LQ45: 0 | LR45: 0 | LS45: 0 | LT45: 0 | LU45: 0 | LV45: 0 | LW45: 0 | LX45: 0 | LY45: 0 | LZ45: 0 | MA45: 0 | MB45: 0 | MC45: 0 | MD45: 0 | ME45: 0
G46: 실행
F47: 광학계 I/O Check | G47: 계획 | H47: 0 | I47: 0 | J47: 0 | K47: 0 | L47: 0 | M47: 0 | N47: 0 | O47: 0 | P47: 0 | Q47: 0 | R47: 0 | S47: 0 | T47: 0 | U47: 0 | V47: 0 | W47: 0 | X47: 0 | Y47: 0 | Z47: 0 | AA47: 0 | AB47: 0 | AC47: 0 | AD47: 0 | AE47: 0 | AF47: 0 | AG47: 0 | AH47: 0 | AI47: 0 | AJ47: 0 | AK47: 0 | AL47: 0 | AM47: 0 | AN47: 0 | AO47: 0 | AP47: 0 | AQ47: 0 | AR47: 0 | AS47: 0 | AT47: 0 | AU47: 0 | AV47: 0 | AW47: 0 | AX47: 0 | AY47: 0 | AZ47: 0 | BA47: 0 | BB47: 0 | BC47: 0 | BD47: 0 | BE47: 0 | BF47: 0 | BG47: 0 | BH47: 0 | BI47: 0 | BJ47: 0 | BK47: 0 | BL47: 0 | BM47: 0 | BN47: 0 | BO47: 0 | BP47: 0 | BQ47: 1 | BR47: 1 | BS47: 0 | BT47: 1 | BU47: 1 | BV47: 0 | BW47: 0 | BX47: 0 | BY47: 0 | BZ47: 0 | CA47: 0 | CB47: 0 | CC47: 0 | CD47: 0 | CE47: 0 | CF47: 0 | CG47: 0 | CH47: 0 | CI47: 0 | CJ47: 0 | CK47: 0 | CL47: 0 | CM47: 0 | CN47: 0 | CO47: 0 | CP47: 0 | CQ47: 0 | CR47: 0 | CS47: 0 | CT47: 0 | CU47: 0 | CV47: 0 | CW47: 0 | CX47: 0 | CY47: 0 | CZ47: 0 | DA47: 0 | DB47: 0 | DC47: 2 | DD47: 2 | DE47: 2 | DF47: 2 | DG47: 0 | DH47: 0 | DI47: 0 | DJ47: 0 | DK47: 0 | DL47: 0 | DM47: 0 | DN47: 0 | DO47: 0 | DP47: 0 | DQ47: 0 | DR47: 0 | DS47: 0 | DT47: 0 | DU47: 0 | DV47: 0 | DW47: 0 | DX47: 0 | DY47: 0 | DZ47: 0 | EA47: 0 | EB47: 0 | EC47: 0 | ED47: 0 | EE47: 0 | EF47: 0 | EG47: 0 | EH47: 0 | EI47: 0 | EJ47: 0 | EK47: 0 | EL47: 0 | EM47: 0 | EN47: 0 | EO47: 0 | EP47: 0 | EQ47: 0 | ER47: 0 | ES47: 0 | ET47: 0 | EU47: 0 | EV47: 0 | EW47: 0 | EX47: 0 | EY47: 0 | EZ47: 0 | FA47: 0 | FB47: 0 | FC47: 0 | FD47: 0 | FE47: 0 | FF47: 0 | FG47: 0 | FH47: 0 | FI47: 0 | FJ47: 0 | FK47: 0 | FL47: 0 | FM47: 0 | FN47: 0 | FO47: 0 | FP47: 0 | FQ47: 0 | FR47: 0 | FS47: 0 | FT47: 0 | FU47: 0 | FV47: 0 | FW47: 0 | FX47: 0 | FY47: 0 | FZ47: 0 | GA47: 0 | GB47: 0 | GC47: 0 | GD47: 0 | GE47: 0 | GF47: 0 | GG47: 0 | GH47: 0 | GI47: 0 | GJ47: 0 | GK47: 0 | GL47: 0 | GM47: 0 | GN47: 0 | GO47: 0 | GP47: 0 | GQ47: 0 | GR47: 0 | GS47: 0 | GT47: 0 | GU47: 0 | GV47: 0 | GW47: 0 | GX47: 0 | GY47: 0 | GZ47: 0 | HA47: 0 | HB47: 0 | HC47: 0 | HD47: 0 | HE47: 0 | HF47: 0 | HG47: 0 | HH47: 0 | HI47: 0 | HJ47: 0 | HK47: 0 | HL47: 0 | HM47: 0 | HN47: 0 | HO47: 0 | HP47: 0 | HQ47: 0 | HR47: 0 | HS47: 0 | HT47: 0 | HU47: 0 | HV47: 0 | HW47: 0 | HX47: 0 | HY47: 0 | HZ47: 0 | IA47: 0 | IB47: 0 | IC47: 0 | ID47: 0 | IE47: 0 | IF47: 0 | IG47: 0 | IH47: 0 | II47: 0 | IJ47: 0 | IK47: 0 | IL47: 0 | IM47: 0 | IN47: 0 | IO47: 0 | IP47: 0 | IQ47: 0 | IR47: 0 | IS47: 0 | IT47: 0 | IU47: 0 | IV47: 0 | IW47: 0 | IX47: 0 | IY47: 0 | IZ47: 0 | JA47: 0 | JB47: 0 | JC47: 0 | JD47: 0 | JE47: 0 | JF47: 0 | JG47: 0 | JH47: 0 | JI47: 0 | JJ47: 0 | JK47: 0 | JL47: 0 | JM47: 0 | JN47: 0 | JO47: 0 | JP47: 0 | JQ47: 0 | JR47: 0 | JS47: 0 | JT47: 0 | JU47: 0 | JV47: 0 | JW47: 0 | JX47: 0 | JY47: 0 | JZ47: 0 | KA47: 0 | KB47: 0 | KC47: 0 | KD47: 0 | KE47: 0 | KF47: 0 | KG47: 0 | KH47: 0 | KI47: 0 | KJ47: 0 | KK47: 0 | KL47: 0 | KM47: 0 | KN47: 0 | KO47: 0 | KP47: 0 | KQ47: 0 | KR47: 0 | KS47: 0 | KT47: 0 | KU47: 0 | KV47: 0 | KW47: 0 | KX47: 0 | KY47: 0 | KZ47: 0 | LA47: 0 | LB47: 0 | LC47: 0 | LD47: 0 | LE47: 0 | LF47: 0 | LG47: 0 | LH47: 0 | LI47: 0 | LJ47: 0 | LK47: 0 | LL47: 0 | LM47: 0 | LN47: 0 | LO47: 0 | LP47: 0 | LQ47: 0 | LR47: 0 | LS47: 0 | LT47: 0 | LU47: 0 | LV47: 0 | LW47: 0 | LX47: 0 | LY47: 0 | LZ47: 0 | MA47: 0 | MB47: 0 | MC47: 0 | MD47: 0 | ME47: 0
G48: 실행
F49: 광학 셋업 (3Head) | G49: 계획 | H49: 0 | I49: 0 | J49: 0 | K49: 0 | L49: 0 | M49: 0 | N49: 0 | O49: 0 | P49: 0 | Q49: 0 | R49: 0 | S49: 0 | T49: 0 | U49: 0 | V49: 0 | W49: 0 | X49: 0 | Y49: 0 | Z49: 0 | AA49: 0 | AB49: 0 | AC49: 0 | AD49: 0 | AE49: 0 | AF49: 0 | AG49: 0 | AH49: 0 | AI49: 0 | AJ49: 0 | AK49: 0 | AL49: 0 | AM49: 0 | AN49: 0 | AO49: 0 | AP49: 0 | AQ49: 0 | AR49: 0 | AS49: 0 | AT49: 0 | AU49: 0 | AV49: 0 | AW49: 0 | AX49: 0 | AY49: 0 | AZ49: 0 | BA49: 0 | BB49: 0 | BC49: 0 | BD49: 0 | BE49: 0 | BF49: 0 | BG49: 0 | BH49: 0 | BI49: 0 | BJ49: 0 | BK49: 0 | BL49: 0 | BM49: 0 | BN49: 0 | BO49: 0 | BP49: 0 | BQ49: 0 | BR49: 0 | BS49: 0 | BT49: 0 | BU49: 0 | BV49: 0 | BW49: 0 | BX49: 0 | BY49: 0 | BZ49: 0 | CA49: 0 | CB49: 1 | CC49: 1 | CD49: 1 | CE49: 0 | CF49: 1 | CG49: 0 | CH49: 1 | CI49: 1 | CJ49: 1 | CK49: 0 | CL49: 0 | CM49: 0 | CN49: 0 | CO49: 0 | CP49: 0 | CQ49: 0 | CR49: 0 | CS49: 0 | CT49: 0 | CU49: 0 | CV49: 0 | CW49: 0 | CX49: 0 | CY49: 0 | CZ49: 0 | DA49: 0 | DB49: 0 | DC49: 0 | DD49: 0 | DE49: 0 | DF49: 0 | DG49: 0 | DH49: 0 | DI49: 0 | DJ49: 0 | DK49: 0 | DL49: 0 | DM49: 2 | DN49: 2 | DO49: 2 | DP49: 0 | DQ49: 2 | DR49: 2 | DS49: 2 | DT49: 2 | DU49: 2 | DV49: 0 | DW49: 0 | DX49: 0 | DY49: 0 | DZ49: 0 | EA49: 0 | EB49: 0 | EC49: 0 | ED49: 0 | EE49: 0 | EF49: 0 | EG49: 0 | EH49: 0 | EI49: 0 | EJ49: 0 | EK49: 0 | EL49: 0 | EM49: 0 | EN49: 0 | EO49: 0 | EP49: 0 | EQ49: 0 | ER49: 0 | ES49: 0 | ET49: 0 | EU49: 0 | EV49: 0 | EW49: 0 | EX49: 0 | EY49: 0 | EZ49: 0 | FA49: 0 | FB49: 0 | FC49: 0 | FD49: 0 | FE49: 0 | FF49: 0 | FG49: 0 | FH49: 0 | FI49: 0 | FJ49: 0 | FK49: 0 | FL49: 0 | FM49: 0 | FN49: 0 | FO49: 0 | FP49: 0 | FQ49: 0 | FR49: 0 | FS49: 0 | FT49: 0 | FU49: 0 | FV49: 0 | FW49: 0 | FX49: 0 | FY49: 0 | FZ49: 0 | GA49: 0 | GB49: 0 | GC49: 0 | GD49: 0 | GE49: 0 | GF49: 0 | GG49: 0 | GH49: 0 | GI49: 0 | GJ49: 0 | GK49: 0 | GL49: 0 | GM49: 0 | GN49: 0 | GO49: 0 | GP49: 0 | GQ49: 0 | GR49: 0 | GS49: 0 | GT49: 0 | GU49: 0 | GV49: 0 | GW49: 0 | GX49: 0 | GY49: 0 | GZ49: 0 | HA49: 0 | HB49: 0 | HC49: 0 | HD49: 0 | HE49: 0 | HF49: 0 | HG49: 0 | HH49: 0 | HI49: 0 | HJ49: 0 | HK49: 0 | HL49: 0 | HM49: 0 | HN49: 0 | HO49: 0 | HP49: 0 | HQ49: 0 | HR49: 0 | HS49: 0 | HT49: 0 | HU49: 0 | HV49: 0 | HW49: 0 | HX49: 0 | HY49: 0 | HZ49: 0 | IA49: 0 | IB49: 0 | IC49: 0 | ID49: 0 | IE49: 0 | IF49: 0 | IG49: 0 | IH49: 0 | II49: 0 | IJ49: 0 | IK49: 0 | IL49: 0 | IM49: 0 | IN49: 0 | IO49: 0 | IP49: 0 | IQ49: 0 | IR49: 0 | IS49: 0 | IT49: 0 | IU49: 0 | IV49: 0 | IW49: 0 | IX49: 0 | IY49: 0 | IZ49: 0 | JA49: 0 | JB49: 0 | JC49: 0 | JD49: 0 | JE49: 0 | JF49: 0 | JG49: 0 | JH49: 0 | JI49: 0 | JJ49: 0 | JK49: 0 | JL49: 0 | JM49: 0 | JN49: 0 | JO49: 0 | JP49: 0 | JQ49: 0 | JR49: 0 | JS49: 0 | JT49: 0 | JU49: 0 | JV49: 0 | JW49: 0 | JX49: 0 | JY49: 0 | JZ49: 0 | KA49: 0 | KB49: 0 | KC49: 0 | KD49: 0 | KE49: 0 | KF49: 0 | KG49: 0 | KH49: 0 | KI49: 0 | KJ49: 0 | KK49: 0 | KL49: 0 | KM49: 0 | KN49: 0 | KO49: 0 | KP49: 0 | KQ49: 0 | KR49: 0 | KS49: 0 | KT49: 0 | KU49: 0 | KV49: 0 | KW49: 0 | KX49: 0 | KY49: 0 | KZ49: 0 | LA49: 0 | LB49: 0 | LC49: 0 | LD49: 0 | LE49: 0 | LF49: 0 | LG49: 0 | LH49: 0 | LI49: 0 | LJ49: 0 | LK49: 0 | LL49: 0 | LM49: 0 | LN49: 0 | LO49: 0 | LP49: 0 | LQ49: 0 | LR49: 0 | LS49: 0 | LT49: 0 | LU49: 0 | LV49: 0 | LW49: 0 | LX49: 0 | LY49: 0 | LZ49: 0 | MA49: 0 | MB49: 0 | MC49: 0 | MD49: 0 | ME49: 0
G50: 실행
F51: 제어 가공 평가 (3Head, 원익) | G51: 계획 | H51: 0 | I51: 0 | J51: 0 | K51: 0 | L51: 0 | M51: 0 | N51: 0 | O51: 0 | P51: 0 | Q51: 0 | R51: 0 | S51: 0 | T51: 0 | U51: 0 | V51: 0 | W51: 0 | X51: 0 | Y51: 0 | Z51: 0 | AA51: 0 | AB51: 0 | AC51: 0 | AD51: 0 | AE51: 0 | AF51: 0 | AG51: 0 | AH51: 0 | AI51: 0 | AJ51: 0 | AK51: 0 | AL51: 0 | AM51: 0 | AN51: 0 | AO51: 0 | AP51: 0 | AQ51: 0 | AR51: 0 | AS51: 0 | AT51: 0 | AU51: 0 | AV51: 0 | AW51: 0 | AX51: 0 | AY51: 0 | AZ51: 0 | BA51: 0 | BB51: 0 | BC51: 0 | BD51: 0 | BE51: 0 | BF51: 0 | BG51: 0 | BH51: 0 | BI51: 0 | BJ51: 0 | BK51: 0 | BL51: 0 | BM51: 0 | BN51: 0 | BO51: 0 | BP51: 0 | BQ51: 0 | BR51: 0 | BS51: 0 | BT51: 0 | BU51: 0 | BV51: 0 | BW51: 0 | BX51: 0 | BY51: 0 | BZ51: 0 | CA51: 0 | CB51: 0 | CC51: 0 | CD51: 0 | CE51: 0 | CF51: 0 | CG51: 0 | CH51: 0 | CI51: 0 | CJ51: 0 | CK51: 1 | CL51: 0 | CM51: 1 | CN51: 0 | CO51: 1 | CP51: 1 | CQ51: 1 | CR51: 1 | CS51: 1 | CT51: 1 | CU51: 0 | CV51: 1 | CW51: 1 | CX51: 0 | CY51: 0 | CZ51: 0 | DA51: 0 | DB51: 0 | DC51: 0 | DD51: 0 | DE51: 0 | DF51: 0 | DG51: 0 | DH51: 0 | DI51: 0 | DJ51: 0 | DK51: 0 | DL51: 0 | DM51: 0 | DN51: 0 | DO51: 0 | DP51: 0 | DQ51: 0 | DR51: 0 | DS51: 0 | DT51: 0 | DU51: 0 | DV51: 0 | DW51: 0 | DX51: 0 | DY51: 0 | DZ51: 2 | EA51: 2 | EB51: 2 | EC51: 2 | ED51: 0 | EE51: 2 | EF51: 2 | EG51: 2 | EH51: 2 | EI51: 0 | EJ51: 0 | EK51: 0 | EL51: 0 | EM51: 0 | EN51: 0 | EO51: 0 | EP51: 0 | EQ51: 0 | ER51: 0 | ES51: 0 | ET51: 0 | EU51: 0 | EV51: 0 | EW51: 0 | EX51: 0 | EY51: 0 | EZ51: 0 | FA51: 0 | FB51: 0 | FC51: 0 | FD51: 0 | FE51: 0 | FF51: 0 | FG51: 0 | FH51: 0 | FI51: 0 | FJ51: 0 | FK51: 0 | FL51: 0 | FM51: 0 | FN51: 0 | FO51: 0 | FP51: 0 | FQ51: 0 | FR51: 0 | FS51: 0 | FT51: 0 | FU51: 0 | FV51: 0 | FW51: 0 | FX51: 0 | FY51: 0 | FZ51: 0 | GA51: 0 | GB51: 0 | GC51: 0 | GD51: 0 | GE51: 0 | GF51: 0 | GG51: 0 | GH51: 0 | GI51: 0 | GJ51: 0 | GK51: 0 | GL51: 0 | GM51: 0 | GN51: 0 | GO51: 0 | GP51: 0 | GQ51: 0 | GR51: 0 | GS51: 0 | GT51: 0 | GU51: 0 | GV51: 0 | GW51: 0 | GX51: 0 | GY51: 0 | GZ51: 0 | HA51: 0 | HB51: 0 | HC51: 0 | HD51: 0 | HE51: 0 | HF51: 0 | HG51: 0 | HH51: 0 | HI51: 0 | HJ51: 0 | HK51: 0 | HL51: 0 | HM51: 0 | HN51: 0 | HO51: 0 | HP51: 0 | HQ51: 0 | HR51: 0 | HS51: 0 | HT51: 0 | HU51: 0 | HV51: 0 | HW51: 0 | HX51: 0 | HY51: 0 | HZ51: 0 | IA51: 0 | IB51: 0 | IC51: 0 | ID51: 0 | IE51: 0 | IF51: 0 | IG51: 0 | IH51: 0 | II51: 0 | IJ51: 0 | IK51: 0 | IL51: 0 | IM51: 0 | IN51: 0 | IO51: 0 | IP51: 0 | IQ51: 0 | IR51: 0 | IS51: 0 | IT51: 0 | IU51: 0 | IV51: 0 | IW51: 0 | IX51: 0 | IY51: 0 | IZ51: 0 | JA51: 0 | JB51: 0 | JC51: 0 | JD51: 0 | JE51: 0 | JF51: 0 | JG51: 0 | JH51: 0 | JI51: 0 | JJ51: 0 | JK51: 0 | JL51: 0 | JM51: 0 | JN51: 0 | JO51: 0 | JP51: 0 | JQ51: 0 | JR51: 0 | JS51: 0 | JT51: 0 | JU51: 0 | JV51: 0 | JW51: 0 | JX51: 0 | JY51: 0 | JZ51: 0 | KA51: 0 | KB51: 0 | KC51: 0 | KD51: 0 | KE51: 0 | KF51: 0 | KG51: 0 | KH51: 0 | KI51: 0 | KJ51: 0 | KK51: 0 | KL51: 0 | KM51: 0 | KN51: 0 | KO51: 0 | KP51: 0 | KQ51: 0 | KR51: 0 | KS51: 0 | KT51: 0 | KU51: 0 | KV51: 0 | KW51: 0 | KX51: 0 | KY51: 0 | KZ51: 0 | LA51: 0 | LB51: 0 | LC51: 0 | LD51: 0 | LE51: 0 | LF51: 0 | LG51: 0 | LH51: 0 | LI51: 0 | LJ51: 0 | LK51: 0 | LL51: 0 | LM51: 0 | LN51: 0 | LO51: 0 | LP51: 0 | LQ51: 0 | LR51: 0 | LS51: 0 | LT51: 0 | LU51: 0 | LV51: 0 | LW51: 0 | LX51: 0 | LY51: 0 | LZ51: 0 | MA51: 0 | MB51: 0 | MC51: 0 | MD51: 0 | ME51: 0
G52: 실행
F53: CE | G53: 계획 | H53: 0 | I53: 0 | J53: 0 | K53: 0 | L53: 0 | M53: 0 | N53: 0 | O53: 0 | P53: 0 | Q53: 0 | R53: 0 | S53: 0 | T53: 0 | U53: 0 | V53: 0 | W53: 0 | X53: 0 | Y53: 0 | Z53: 0 | AA53: 0 | AB53: 0 | AC53: 0 | AD53: 0 | AE53: 0 | AF53: 0 | AG53: 0 | AH53: 0 | AI53: 0 | AJ53: 0 | AK53: 0 | AL53: 0 | AM53: 0 | AN53: 0 | AO53: 0 | AP53: 0 | AQ53: 0 | AR53: 0 | AS53: 0 | AT53: 0 | AU53: 0 | AV53: 0 | AW53: 0 | AX53: 0 | AY53: 0 | AZ53: 0 | BA53: 0 | BB53: 0 | BC53: 0 | BD53: 0 | BE53: 0 | BF53: 0 | BG53: 0 | BH53: 0 | BI53: 0 | BJ53: 0 | BK53: 0 | BL53: 0 | BM53: 0 | BN53: 0 | BO53: 0 | BP53: 0 | BQ53: 0 | BR53: 0 | BS53: 0 | BT53: 0 | BU53: 0 | BV53: 0 | BW53: 0 | BX53: 0 | BY53: 0 | BZ53: 0 | CA53: 0 | CB53: 0 | CC53: 0 | CD53: 0 | CE53: 0 | CF53: 0 | CG53: 0 | CH53: 0 | CI53: 0 | CJ53: 0 | CK53: 0 | CL53: 0 | CM53: 0 | CN53: 0 | CO53: 0 | CP53: 0 | CQ53: 0 | CR53: 0 | CS53: 0 | CT53: 0 | CU53: 0 | CV53: 0 | CW53: 0 | CX53: 1 | CY53: 1 | CZ53: 0 | DA53: 0 | DB53: 0 | DC53: 0 | DD53: 0 | DE53: 0 | DF53: 0 | DG53: 0 | DH53: 0 | DI53: 0 | DJ53: 0 | DK53: 0 | DL53: 0 | DM53: 0 | DN53: 0 | DO53: 0 | DP53: 0 | DQ53: 0 | DR53: 0 | DS53: 0 | DT53: 0 | DU53: 0 | DV53: 0 | DW53: 0 | DX53: 0 | DY53: 0 | DZ53: 0 | EA53: 0 | EB53: 0 | EC53: 0 | ED53: 0 | EE53: 0 | EF53: 0 | EG53: 0 | EH53: 0 | EI53: 2 | EJ53: 2 | EK53: 0 | EL53: 0 | EM53: 0 | EN53: 0 | EO53: 0 | EP53: 0 | EQ53: 0 | ER53: 0 | ES53: 0 | ET53: 0 | EU53: 0 | EV53: 0 | EW53: 0 | EX53: 0 | EY53: 0 | EZ53: 0 | FA53: 0 | FB53: 0 | FC53: 0 | FD53: 0 | FE53: 0 | FF53: 0 | FG53: 0 | FH53: 0 | FI53: 0 | FJ53: 0 | FK53: 0 | FL53: 0 | FM53: 0 | FN53: 0 | FO53: 0 | FP53: 0 | FQ53: 0 | FR53: 0 | FS53: 0 | FT53: 0 | FU53: 0 | FV53: 0 | FW53: 0 | FX53: 0 | FY53: 0 | FZ53: 0 | GA53: 0 | GB53: 0 | GC53: 0 | GD53: 0 | GE53: 0 | GF53: 0 | GG53: 0 | GH53: 0 | GI53: 0 | GJ53: 0 | GK53: 0 | GL53: 0 | GM53: 0 | GN53: 0 | GO53: 0 | GP53: 0 | GQ53: 0 | GR53: 0 | GS53: 0 | GT53: 0 | GU53: 0 | GV53: 0 | GW53: 0 | GX53: 0 | GY53: 0 | GZ53: 0 | HA53: 0 | HB53: 0 | HC53: 0 | HD53: 0 | HE53: 0 | HF53: 0 | HG53: 0 | HH53: 0 | HI53: 0 | HJ53: 0 | HK53: 0 | HL53: 0 | HM53: 0 | HN53: 0 | HO53: 0 | HP53: 0 | HQ53: 0 | HR53: 0 | HS53: 0 | HT53: 0 | HU53: 0 | HV53: 0 | HW53: 0 | HX53: 0 | HY53: 0 | HZ53: 0 | IA53: 0 | IB53: 0 | IC53: 0 | ID53: 0 | IE53: 0 | IF53: 0 | IG53: 0 | IH53: 0 | II53: 0 | IJ53: 0 | IK53: 0 | IL53: 0 | IM53: 0 | IN53: 0 | IO53: 0 | IP53: 0 | IQ53: 0 | IR53: 0 | IS53: 0 | IT53: 0 | IU53: 0 | IV53: 0 | IW53: 0 | IX53: 0 | IY53: 0 | IZ53: 0 | JA53: 0 | JB53: 0 | JC53: 0 | JD53: 0 | JE53: 0 | JF53: 0 | JG53: 0 | JH53: 0 | JI53: 0 | JJ53: 0 | JK53: 0 | JL53: 0 | JM53: 0 | JN53: 0 | JO53: 0 | JP53: 0 | JQ53: 0 | JR53: 0 | JS53: 0 | JT53: 0 | JU53: 0 | JV53: 0 | JW53: 0 | JX53: 0 | JY53: 0 | JZ53: 0 | KA53: 0 | KB53: 0 | KC53: 0 | KD53: 0 | KE53: 0 | KF53: 0 | KG53: 0 | KH53: 0 | KI53: 0 | KJ53: 0 | KK53: 0 | KL53: 0 | KM53: 0 | KN53: 0 | KO53: 0 | KP53: 0 | KQ53: 0 | KR53: 0 | KS53: 0 | KT53: 0 | KU53: 0 | KV53: 0 | KW53: 0 | KX53: 0 | KY53: 0 | KZ53: 0 | LA53: 0 | LB53: 0 | LC53: 0 | LD53: 0 | LE53: 0 | LF53: 0 | LG53: 0 | LH53: 0 | LI53: 0 | LJ53: 0 | LK53: 0 | LL53: 0 | LM53: 0 | LN53: 0 | LO53: 0 | LP53: 0 | LQ53: 0 | LR53: 0 | LS53: 0 | LT53: 0 | LU53: 0 | LV53: 0 | LW53: 0 | LX53: 0 | LY53: 0 | LZ53: 0 | MA53: 0 | MB53: 0 | MC53: 0 | MD53: 0 | ME53: 0
G54: 실행
C55: Qual | F55: 8계통 외 | G55: 계획 | H55: 0 | I55: 0 | J55: 0 | K55: 0 | L55: 0 | M55: 0 | N55: 0 | O55: 0 | P55: 0 | Q55: 0 | R55: 0 | S55: 0 | T55: 0 | U55: 0 | V55: 0 | W55: 0 | X55: 0 | Y55: 0 | Z55: 0 | AA55: 0 | AB55: 0 | AC55: 0 | AD55: 0 | AE55: 0 | AF55: 0 | AG55: 0 | AH55: 0 | AI55: 0 | AJ55: 0 | AK55: 0 | AL55: 0 | AM55: 0 | AN55: 0 | AO55: 0 | AP55: 0 | AQ55: 0 | AR55: 0 | AS55: 0 | AT55: 0 | AU55: 0 | AV55: 0 | AW55: 0 | AX55: 0 | AY55: 0 | AZ55: 0 | BA55: 0 | BB55: 0 | BC55: 0 | BD55: 0 | BE55: 0 | BF55: 0 | BG55: 0 | BH55: 0 | BI55: 0 | BJ55: 0 | BK55: 0 | BL55: 0 | BM55: 0 | BN55: 0 | BO55: 0 | BP55: 0 | BQ55: 0 | BR55: 0 | BS55: 0 | BT55: 0 | BU55: 0 | BV55: 0 | BW55: 0 | BX55: 0 | BY55: 0 | BZ55: 0 | CA55: 0 | CB55: 0 | CC55: 0 | CD55: 0 | CE55: 0 | CF55: 0 | CG55: 0 | CH55: 0 | CI55: 0 | CJ55: 0 | CK55: 0 | CL55: 0 | CM55: 0 | CN55: 0 | CO55: 0 | CP55: 0 | CQ55: 0 | CR55: 0 | CS55: 0 | CT55: 0 | CU55: 0 | CV55: 0 | CW55: 0 | CX55: 0 | CY55: 0 | CZ55: 1 | DA55: 1 | DB55: 0 | DC55: 1 | DD55: 1 | DE55: 0 | DF55: 0 | DG55: 0 | DH55: 0 | DI55: 0 | DJ55: 0 | DK55: 0 | DL55: 0 | DM55: 0 | DN55: 0 | DO55: 0 | DP55: 0 | DQ55: 0 | DR55: 0 | DS55: 0 | DT55: 0 | DU55: 0 | DV55: 0 | DW55: 0 | DX55: 0 | DY55: 0 | DZ55: 0 | EA55: 0 | EB55: 0 | EC55: 0 | ED55: 0 | EE55: 0 | EF55: 0 | EG55: 0 | EH55: 0 | EI55: 0 | EJ55: 0 | EK55: 0 | EL55: 2 | EM55: 2 | EN55: 2 | EO55: 2 | EP55: 0 | EQ55: 0 | ER55: 0 | ES55: 0 | ET55: 0 | EU55: 0 | EV55: 0 | EW55: 0 | EX55: 0 | EY55: 0 | EZ55: 0 | FA55: 0 | FB55: 0 | FC55: 0 | FD55: 0 | FE55: 0 | FF55: 0 | FG55: 0 | FH55: 0 | FI55: 0 | FJ55: 0 | FK55: 0 | FL55: 0 | FM55: 0 | FN55: 0 | FO55: 0 | FP55: 0 | FQ55: 0 | FR55: 0 | FS55: 0 | FT55: 0 | FU55: 0 | FV55: 0 | FW55: 0 | FX55: 0 | FY55: 0 | FZ55: 0 | GA55: 0 | GB55: 0 | GC55: 0 | GD55: 0 | GE55: 0 | GF55: 0 | GG55: 0 | GH55: 0 | GI55: 0 | GJ55: 0 | GK55: 0 | GL55: 0 | GM55: 0 | GN55: 0 | GO55: 0 | GP55: 0 | GQ55: 0 | GR55: 0 | GS55: 0 | GT55: 0 | GU55: 0 | GV55: 0 | GW55: 0 | GX55: 0 | GY55: 0 | GZ55: 0 | HA55: 0 | HB55: 0 | HC55: 0 | HD55: 0 | HE55: 0 | HF55: 0 | HG55: 0 | HH55: 0 | HI55: 0 | HJ55: 0 | HK55: 0 | HL55: 0 | HM55: 0 | HN55: 0 | HO55: 0 | HP55: 0 | HQ55: 0 | HR55: 0 | HS55: 0 | HT55: 0 | HU55: 0 | HV55: 0 | HW55: 0 | HX55: 0 | HY55: 0 | HZ55: 0 | IA55: 0 | IB55: 0 | IC55: 0 | ID55: 0 | IE55: 0 | IF55: 0 | IG55: 0 | IH55: 0 | II55: 0 | IJ55: 0 | IK55: 0 | IL55: 0 | IM55: 0 | IN55: 0 | IO55: 0 | IP55: 0 | IQ55: 0 | IR55: 0 | IS55: 0 | IT55: 0 | IU55: 0 | IV55: 0 | IW55: 0 | IX55: 0 | IY55: 0 | IZ55: 0 | JA55: 0 | JB55: 0 | JC55: 0 | JD55: 0 | JE55: 0 | JF55: 0 | JG55: 0 | JH55: 0 | JI55: 0 | JJ55: 0 | JK55: 0 | JL55: 0 | JM55: 0 | JN55: 0 | JO55: 0 | JP55: 0 | JQ55: 0 | JR55: 0 | JS55: 0 | JT55: 0 | JU55: 0 | JV55: 0 | JW55: 0 | JX55: 0 | JY55: 0 | JZ55: 0 | KA55: 0 | KB55: 0 | KC55: 0 | KD55: 0 | KE55: 0 | KF55: 0 | KG55: 0 | KH55: 0 | KI55: 0 | KJ55: 0 | KK55: 0 | KL55: 0 | KM55: 0 | KN55: 0 | KO55: 0 | KP55: 0 | KQ55: 0 | KR55: 0 | KS55: 0 | KT55: 0 | KU55: 0 | KV55: 0 | KW55: 0 | KX55: 0 | KY55: 0 | KZ55: 0 | LA55: 0 | LB55: 0 | LC55: 0 | LD55: 0 | LE55: 0 | LF55: 0 | LG55: 0 | LH55: 0 | LI55: 0 | LJ55: 0 | LK55: 0 | LL55: 0 | LM55: 0 | LN55: 0 | LO55: 0 | LP55: 0 | LQ55: 0 | LR55: 0 | LS55: 0 | LT55: 0 | LU55: 0 | LV55: 0 | LW55: 0 | LX55: 0 | LY55: 0 | LZ55: 0 | MA55: 0 | MB55: 0 | MC55: 0 | MD55: 0 | ME55: 0
G56: 실행
F57: CE | G57: 계획 | H57: 0 | I57: 0 | J57: 0 | K57: 0 | L57: 0 | M57: 0 | N57: 0 | O57: 0 | P57: 0 | Q57: 0 | R57: 0 | S57: 0 | T57: 0 | U57: 0 | V57: 0 | W57: 0 | X57: 0 | Y57: 0 | Z57: 0 | AA57: 0 | AB57: 0 | AC57: 0 | AD57: 0 | AE57: 0 | AF57: 0 | AG57: 0 | AH57: 0 | AI57: 0 | AJ57: 0 | AK57: 0 | AL57: 0 | AM57: 0 | AN57: 0 | AO57: 0 | AP57: 0 | AQ57: 0 | AR57: 0 | AS57: 0 | AT57: 0 | AU57: 0 | AV57: 0 | AW57: 0 | AX57: 0 | AY57: 0 | AZ57: 0 | BA57: 0 | BB57: 0 | BC57: 0 | BD57: 0 | BE57: 0 | BF57: 0 | BG57: 0 | BH57: 0 | BI57: 0 | BJ57: 0 | BK57: 0 | BL57: 0 | BM57: 0 | BN57: 0 | BO57: 0 | BP57: 0 | BQ57: 0 | BR57: 0 | BS57: 0 | BT57: 0 | BU57: 0 | BV57: 0 | BW57: 0 | BX57: 0 | BY57: 0 | BZ57: 0 | CA57: 0 | CB57: 0 | CC57: 0 | CD57: 0 | CE57: 0 | CF57: 0 | CG57: 0 | CH57: 0 | CI57: 0 | CJ57: 0 | CK57: 0 | CL57: 0 | CM57: 0 | CN57: 0 | CO57: 0 | CP57: 0 | CQ57: 0 | CR57: 0 | CS57: 0 | CT57: 0 | CU57: 0 | CV57: 0 | CW57: 0 | CX57: 0 | CY57: 0 | CZ57: 0 | DA57: 0 | DB57: 0 | DC57: 0 | DD57: 0 | DE57: 1 | DF57: 1 | DG57: 0 | DH57: 0 | DI57: 0 | DJ57: 0 | DK57: 0 | DL57: 0 | DM57: 0 | DN57: 0 | DO57: 0 | DP57: 0 | DQ57: 0 | DR57: 0 | DS57: 0 | DT57: 0 | DU57: 0 | DV57: 0 | DW57: 0 | DX57: 0 | DY57: 0 | DZ57: 0 | EA57: 0 | EB57: 0 | EC57: 0 | ED57: 0 | EE57: 0 | EF57: 0 | EG57: 0 | EH57: 0 | EI57: 0 | EJ57: 0 | EK57: 0 | EL57: 0 | EM57: 0 | EN57: 0 | EO57: 0 | EP57: 2 | EQ57: 2 | ER57: 0 | ES57: 0 | ET57: 0 | EU57: 0 | EV57: 0 | EW57: 0 | EX57: 0 | EY57: 0 | EZ57: 0 | FA57: 0 | FB57: 0 | FC57: 0 | FD57: 0 | FE57: 0 | FF57: 0 | FG57: 0 | FH57: 0 | FI57: 0 | FJ57: 0 | FK57: 0 | FL57: 0 | FM57: 0 | FN57: 0 | FO57: 0 | FP57: 0 | FQ57: 0 | FR57: 0 | FS57: 0 | FT57: 0 | FU57: 0 | FV57: 0 | FW57: 0 | FX57: 0 | FY57: 0 | FZ57: 0 | GA57: 0 | GB57: 0 | GC57: 0 | GD57: 0 | GE57: 0 | GF57: 0 | GG57: 0 | GH57: 0 | GI57: 0 | GJ57: 0 | GK57: 0 | GL57: 0 | GM57: 0 | GN57: 0 | GO57: 0 | GP57: 0 | GQ57: 0 | GR57: 0 | GS57: 0 | GT57: 0 | GU57: 0 | GV57: 0 | GW57: 0 | GX57: 0 | GY57: 0 | GZ57: 0 | HA57: 0 | HB57: 0 | HC57: 0 | HD57: 0 | HE57: 0 | HF57: 0 | HG57: 0 | HH57: 0 | HI57: 0 | HJ57: 0 | HK57: 0 | HL57: 0 | HM57: 0 | HN57: 0 | HO57: 0 | HP57: 0 | HQ57: 0 | HR57: 0 | HS57: 0 | HT57: 0 | HU57: 0 | HV57: 0 | HW57: 0 | HX57: 0 | HY57: 0 | HZ57: 0 | IA57: 0 | IB57: 0 | IC57: 0 | ID57: 0 | IE57: 0 | IF57: 0 | IG57: 0 | IH57: 0 | II57: 0 | IJ57: 0 | IK57: 0 | IL57: 0 | IM57: 0 | IN57: 0 | IO57: 0 | IP57: 0 | IQ57: 0 | IR57: 0 | IS57: 0 | IT57: 0 | IU57: 0 | IV57: 0 | IW57: 0 | IX57: 0 | IY57: 0 | IZ57: 0 | JA57: 0 | JB57: 0 | JC57: 0 | JD57: 0 | JE57: 0 | JF57: 0 | JG57: 0 | JH57: 0 | JI57: 0 | JJ57: 0 | JK57: 0 | JL57: 0 | JM57: 0 | JN57: 0 | JO57: 0 | JP57: 0 | JQ57: 0 | JR57: 0 | JS57: 0 | JT57: 0 | JU57: 0 | JV57: 0 | JW57: 0 | JX57: 0 | JY57: 0 | JZ57: 0 | KA57: 0 | KB57: 0 | KC57: 0 | KD57: 0 | KE57: 0 | KF57: 0 | KG57: 0 | KH57: 0 | KI57: 0 | KJ57: 0 | KK57: 0 | KL57: 0 | KM57: 0 | KN57: 0 | KO57: 0 | KP57: 0 | KQ57: 0 | KR57: 0 | KS57: 0 | KT57: 0 | KU57: 0 | KV57: 0 | KW57: 0 | KX57: 0 | KY57: 0 | KZ57: 0 | LA57: 0 | LB57: 0 | LC57: 0 | LD57: 0 | LE57: 0 | LF57: 0 | LG57: 0 | LH57: 0 | LI57: 0 | LJ57: 0 | LK57: 0 | LL57: 0 | LM57: 0 | LN57: 0 | LO57: 0 | LP57: 0 | LQ57: 0 | LR57: 0 | LS57: 0 | LT57: 0 | LU57: 0 | LV57: 0 | LW57: 0 | LX57: 0 | LY57: 0 | LZ57: 0 | MA57: 0 | MB57: 0 | MC57: 0 | MD57: 0 | ME57: 0
G58: 실행
C60: STAGE | D60: 공통 - 사양협의 | F60: 요구사항 분석 및 컨셉 확인 | G60: 계획 | H60: =IFERROR(MIN(SUM(I61:AB61)/SUM(I60:AB60), 1), 0) -> 1 | I60: 1 | J60: 1 | K60: 1 | L60: 1 | M60: 1 | N60: 1 | O60: 1 | P60: 1 | Q60: 1 | R60: 1 | AC60: 0 | AD60: 0 | AE60: 0 | AF60: 0 | AG60: 0 | AH60: 0 | AI60: 0 | AJ60: 0 | AK60: 0 | AL60: 0 | AM60: 0 | AN60: 0 | AO60: 0 | AP60: 0 | AQ60: 0 | AR60: 0 | AS60: 0 | AT60: 0 | AU60: 0 | AV60: 0 | AW60: 0 | AX60: 0 | AY60: 0 | AZ60: 0 | BA60: 0 | BB60: 0 | BC60: 0 | BD60: 0 | BE60: 0 | BF60: 0 | BG60: 0 | BH60: 0 | BI60: 0 | BJ60: 0 | BK60: 0 | BL60: 0 | BM60: 0 | BN60: 0 | BO60: 0 | BP60: 0 | BQ60: 0 | BR60: 0 | BS60: 0 | BT60: 0 | BU60: 0 | BV60: 0 | BW60: 0 | BX60: 0 | BY60: 0 | BZ60: 0 | CA60: 0 | CB60: 0 | CC60: 0 | CD60: 0 | CE60: 0 | CF60: 0 | CG60: 0 | CH60: 0 | CI60: 0 | CJ60: 0 | CK60: 0 | CL60: 0 | CM60: 0 | CN60: 0 | CO60: 0 | CP60: 0 | CQ60: 0 | CR60: 0 | CS60: 0 | CT60: 0 | CU60: 0 | CV60: 0 | CW60: 0 | CX60: 0 | CY60: 0 | CZ60: 0 | DA60: 0 | DB60: 0 | DC60: 0 | DD60: 0 | DE60: 0 | DF60: 0 | DG60: 0 | DH60: 0 | DI60: 0 | DJ60: 0 | DK60: 0 | DL60: 0 | DM60: 0 | DN60: 0 | DO60: 0 | DP60: 0 | DQ60: 0 | DR60: 0 | DS60: 0 | DT60: 0 | DU60: 0 | DV60: 0 | DW60: 0 | DX60: 0 | DY60: 0 | DZ60: 0 | EA60: 0 | EB60: 0 | EC60: 0 | ED60: 0 | EE60: 0 | EF60: 0 | EG60: 0 | EH60: 0 | EI60: 0 | EJ60: 0 | EK60: 0 | EL60: 0 | EM60: 0 | EN60: 0 | EO60: 0 | EP60: 0 | EQ60: 0 | ER60: 0 | ES60: 0 | ET60: 0 | EU60: 0 | EV60: 0 | EW60: 0 | EX60: 0 | EY60: 0 | EZ60: 0 | FA60: 0 | FB60: 0 | FC60: 0 | FD60: 0 | FE60: 0 | FF60: 0 | FG60: 0 | FH60: 0 | FI60: 0 | FJ60: 0 | FK60: 0 | FL60: 0 | FM60: 0 | FN60: 0 | FO60: 0 | FP60: 0 | FQ60: 0 | FR60: 0 | FS60: 0 | FT60: 0 | FU60: 0 | FV60: 0 | FW60: 0 | FX60: 0 | FY60: 0 | FZ60: 0 | GA60: 0 | GB60: 0 | GC60: 0 | GD60: 0 | GE60: 0 | GF60: 0 | GG60: 0 | GH60: 0 | GI60: 0 | GJ60: 0 | GK60: 0 | GL60: 0 | GM60: 0 | GN60: 0 | GO60: 0 | GP60: 0 | GQ60: 0 | GR60: 0 | GS60: 0 | GT60: 0 | GU60: 0 | GV60: 0 | GW60: 0 | GX60: 0 | GY60: 0 | GZ60: 0 | HA60: 0 | HB60: 0 | HC60: 0 | HD60: 0 | HE60: 0 | HF60: 0 | HG60: 0 | HH60: 0 | HI60: 0 | HJ60: 0 | HK60: 0 | HL60: 0 | HM60: 0 | HN60: 0 | HO60: 0 | HP60: 0 | HQ60: 0 | HR60: 0 | HS60: 0 | HT60: 0 | HU60: 0 | HV60: 0 | HW60: 0 | HX60: 0 | HY60: 0 | HZ60: 0 | IA60: 0 | IB60: 0 | IC60: 0 | ID60: 0 | IE60: 0 | IF60: 0 | IG60: 0 | IH60: 0 | II60: 0 | IJ60: 0 | IK60: 0 | IL60: 0 | IM60: 0 | IN60: 0 | IO60: 0 | IP60: 0 | IQ60: 0 | IR60: 0 | IS60: 0 | IT60: 0 | IU60: 0 | IV60: 0 | IW60: 0 | IX60: 0 | IY60: 0 | IZ60: 0 | JA60: 0 | JB60: 0 | JC60: 0 | JD60: 0 | JE60: 0 | JF60: 0 | JG60: 0 | JH60: 0 | JI60: 0 | JJ60: 0 | JK60: 0 | JL60: 0 | JM60: 0 | JN60: 0 | JO60: 0 | JP60: 0 | JQ60: 0 | JR60: 0 | JS60: 0 | JT60: 0 | JU60: 0 | JV60: 0 | JW60: 0 | JX60: 0 | JY60: 0 | JZ60: 0 | KA60: 0 | KB60: 0 | KC60: 0 | KD60: 0 | KE60: 0 | KF60: 0 | KG60: 0 | KH60: 0 | KI60: 0 | KJ60: 0 | KK60: 0 | KL60: 0 | KM60: 0 | KN60: 0 | KO60: 0 | KP60: 0 | KQ60: 0 | KR60: 0 | KS60: 0 | KT60: 0 | KU60: 0 | KV60: 0 | KW60: 0 | KX60: 0 | KY60: 0 | KZ60: 0 | LA60: 0 | LB60: 0 | LC60: 0 | LD60: 0 | LE60: 0 | LF60: 0 | LG60: 0 | LH60: 0 | LI60: 0 | LJ60: 0 | LK60: 0 | LL60: 0 | LM60: 0 | LN60: 0 | LO60: 0 | LP60: 0 | LQ60: 0 | LR60: 0 | LS60: 0 | LT60: 0 | LU60: 0 | LV60: 0 | LW60: 0 | LX60: 0 | LY60: 0 | LZ60: 0 | MA60: 0 | MB60: 0 | MC60: 0 | MD60: 0 | ME60: 0
G61: 실행 | I61: 1 | J61: 1 | K61: 1 | L61: 1 | M61: 1 | N61: 1 | O61: 1 | P61: 1 | Q61: 1 | R61: 1
D62: Driver 개발 | F62: LDS Driver 및 제어 (Optex, Keyence) | G62: 계획 | H62: =IFERROR(MIN(SUM(I63:AB63)/SUM(I62:AB62), 1), 0) -> 1 | K62: 1 | L62: 1 | M62: 1 | R62: 1 | S62: 1 | T62: 1 | AC62: 0 | AD62: 0 | AE62: 0 | AF62: 0 | AG62: 0 | AH62: 0 | AI62: 0 | AJ62: 0 | AK62: 0 | AL62: 0 | AM62: 0 | AN62: 0 | AO62: 0 | AP62: 0 | AQ62: 0 | AR62: 0 | AS62: 0 | AT62: 0 | AU62: 0 | AV62: 0 | AW62: 0 | AX62: 0 | AY62: 0 | AZ62: 0 | BA62: 0 | BB62: 0 | BC62: 0 | BD62: 0 | BE62: 0 | BF62: 0 | BG62: 0 | BH62: 0 | BI62: 0 | BJ62: 0 | BK62: 0 | BL62: 0 | BM62: 0 | BN62: 0 | BO62: 0 | BP62: 0 | BQ62: 0 | BR62: 0 | BS62: 0 | BT62: 0 | BU62: 0 | BV62: 0 | BW62: 0 | BX62: 0 | BY62: 0 | BZ62: 0 | CA62: 0 | CB62: 0 | CC62: 0 | CD62: 0 | CE62: 0 | CF62: 0 | CG62: 0 | CH62: 0 | CI62: 0 | CJ62: 0 | CK62: 0 | CL62: 0 | CM62: 0 | CN62: 0 | CO62: 0 | CP62: 0 | CQ62: 0 | CR62: 0 | CS62: 0 | CT62: 0 | CU62: 0 | CV62: 0 | CW62: 0 | CX62: 0 | CY62: 0 | CZ62: 0 | DA62: 0 | DB62: 0 | DC62: 0 | DD62: 0 | DE62: 0 | DF62: 0 | DG62: 0 | DH62: 0 | DI62: 0 | DJ62: 0 | DK62: 0 | DL62: 0 | DM62: 0 | DN62: 0 | DO62: 0 | DP62: 0 | DQ62: 0 | DR62: 0 | DS62: 0 | DT62: 0 | DU62: 0 | DV62: 0 | DW62: 0 | DX62: 0 | DY62: 0 | DZ62: 0 | EA62: 0 | EB62: 0 | EC62: 0 | ED62: 0 | EE62: 0 | EF62: 0 | EG62: 0 | EH62: 0 | EI62: 0 | EJ62: 0 | EK62: 0 | EL62: 0 | EM62: 0 | EN62: 0 | EO62: 0 | EP62: 0 | EQ62: 0 | ER62: 0 | ES62: 0 | ET62: 0 | EU62: 0 | EV62: 0 | EW62: 0 | EX62: 0 | EY62: 0 | EZ62: 0 | FA62: 0 | FB62: 0 | FC62: 0 | FD62: 0 | FE62: 0 | FF62: 0 | FG62: 0 | FH62: 0 | FI62: 0 | FJ62: 0 | FK62: 0 | FL62: 0 | FM62: 0 | FN62: 0 | FO62: 0 | FP62: 0 | FQ62: 0 | FR62: 0 | FS62: 0 | FT62: 0 | FU62: 0 | FV62: 0 | FW62: 0 | FX62: 0 | FY62: 0 | FZ62: 0 | GA62: 0 | GB62: 0 | GC62: 0 | GD62: 0 | GE62: 0 | GF62: 0 | GG62: 0 | GH62: 0 | GI62: 0 | GJ62: 0 | GK62: 0 | GL62: 0 | GM62: 0 | GN62: 0 | GO62: 0 | GP62: 0 | GQ62: 0 | GR62: 0 | GS62: 0 | GT62: 0 | GU62: 0 | GV62: 0 | GW62: 0 | GX62: 0 | GY62: 0 | GZ62: 0 | HA62: 0 | HB62: 0 | HC62: 0 | HD62: 0 | HE62: 0 | HF62: 0 | HG62: 0 | HH62: 0 | HI62: 0 | HJ62: 0 | HK62: 0 | HL62: 0 | HM62: 0 | HN62: 0 | HO62: 0 | HP62: 0 | HQ62: 0 | HR62: 0 | HS62: 0 | HT62: 0 | HU62: 0 | HV62: 0 | HW62: 0 | HX62: 0 | HY62: 0 | HZ62: 0 | IA62: 0 | IB62: 0 | IC62: 0 | ID62: 0 | IE62: 0 | IF62: 0 | IG62: 0 | IH62: 0 | II62: 0 | IJ62: 0 | IK62: 0 | IL62: 0 | IM62: 0 | IN62: 0 | IO62: 0 | IP62: 0 | IQ62: 0 | IR62: 0 | IS62: 0 | IT62: 0 | IU62: 0 | IV62: 0 | IW62: 0 | IX62: 0 | IY62: 0 | IZ62: 0 | JA62: 0 | JB62: 0 | JC62: 0 | JD62: 0 | JE62: 0 | JF62: 0 | JG62: 0 | JH62: 0 | JI62: 0 | JJ62: 0 | JK62: 0 | JL62: 0 | JM62: 0 | JN62: 0 | JO62: 0 | JP62: 0 | JQ62: 0 | JR62: 0 | JS62: 0 | JT62: 0 | JU62: 0 | JV62: 0 | JW62: 0 | JX62: 0 | JY62: 0 | JZ62: 0 | KA62: 0 | KB62: 0 | KC62: 0 | KD62: 0 | KE62: 0 | KF62: 0 | KG62: 0 | KH62: 0 | KI62: 0 | KJ62: 0 | KK62: 0 | KL62: 0 | KM62: 0 | KN62: 0 | KO62: 0 | KP62: 0 | KQ62: 0 | KR62: 0 | KS62: 0 | KT62: 0 | KU62: 0 | KV62: 0 | KW62: 0 | KX62: 0 | KY62: 0 | KZ62: 0 | LA62: 0 | LB62: 0 | LC62: 0 | LD62: 0 | LE62: 0 | LF62: 0 | LG62: 0 | LH62: 0 | LI62: 0 | LJ62: 0 | LK62: 0 | LL62: 0 | LM62: 0 | LN62: 0 | LO62: 0 | LP62: 0 | LQ62: 0 | LR62: 0 | LS62: 0 | LT62: 0 | LU62: 0 | LV62: 0 | LW62: 0 | LX62: 0 | LY62: 0 | LZ62: 0 | MA62: 0 | MB62: 0 | MC62: 0 | MD62: 0 | ME62: 0
G63: 실행 | K63: 1 | L63: 1 | M63: 1 | R63: 1 | S63: 1 | T63: 1
F64: ACS Driver 및 제어 | G64: 계획 | H64: =IFERROR(MIN(SUM(I65:AB65)/SUM(I64:AB64), 1), 0) -> 1 | L64: 1 | M64: 1 | N64: 1 | AC64: 0 | AD64: 0 | AE64: 0 | AF64: 0 | AG64: 0 | AH64: 0 | AI64: 0 | AJ64: 0 | AK64: 0 | AL64: 0 | AM64: 0 | AN64: 0 | AO64: 0 | AP64: 0 | AQ64: 0 | AR64: 0 | AS64: 0 | AT64: 0 | AU64: 0 | AV64: 0 | AW64: 0 | AX64: 0 | AY64: 0 | AZ64: 0 | BA64: 0 | BB64: 0 | BC64: 0 | BD64: 0 | BE64: 0 | BF64: 0 | BG64: 0 | BH64: 0 | BI64: 0 | BJ64: 0 | BK64: 0 | BL64: 0 | BM64: 0 | BN64: 0 | BO64: 0 | BP64: 0 | BQ64: 0 | BR64: 0 | BS64: 0 | BT64: 0 | BU64: 0 | BV64: 0 | BW64: 0 | BX64: 0 | BY64: 0 | BZ64: 0 | CA64: 0 | CB64: 0 | CC64: 0 | CD64: 0 | CE64: 0 | CF64: 0 | CG64: 0 | CH64: 0 | CI64: 0 | CJ64: 0 | CK64: 0 | CL64: 0 | CM64: 0 | CN64: 0 | CO64: 0 | CP64: 0 | CQ64: 0 | CR64: 0 | CS64: 0 | CT64: 0 | CU64: 0 | CV64: 0 | CW64: 0 | CX64: 0 | CY64: 0 | CZ64: 0 | DA64: 0 | DB64: 0 | DC64: 0 | DD64: 0 | DE64: 0 | DF64: 0 | DG64: 0 | DH64: 0 | DI64: 0 | DJ64: 0 | DK64: 0 | DL64: 0 | DM64: 0 | DN64: 0 | DO64: 0 | DP64: 0 | DQ64: 0 | DR64: 0 | DS64: 0 | DT64: 0 | DU64: 0 | DV64: 0 | DW64: 0 | DX64: 0 | DY64: 0 | DZ64: 0 | EA64: 0 | EB64: 0 | EC64: 0 | ED64: 0 | EE64: 0 | EF64: 0 | EG64: 0 | EH64: 0 | EI64: 0 | EJ64: 0 | EK64: 0 | EL64: 0 | EM64: 0 | EN64: 0 | EO64: 0 | EP64: 0 | EQ64: 0 | ER64: 0 | ES64: 0 | ET64: 0 | EU64: 0 | EV64: 0 | EW64: 0 | EX64: 0 | EY64: 0 | EZ64: 0 | FA64: 0 | FB64: 0 | FC64: 0 | FD64: 0 | FE64: 0 | FF64: 0 | FG64: 0 | FH64: 0 | FI64: 0 | FJ64: 0 | FK64: 0 | FL64: 0 | FM64: 0 | FN64: 0 | FO64: 0 | FP64: 0 | FQ64: 0 | FR64: 0 | FS64: 0 | FT64: 0 | FU64: 0 | FV64: 0 | FW64: 0 | FX64: 0 | FY64: 0 | FZ64: 0 | GA64: 0 | GB64: 0 | GC64: 0 | GD64: 0 | GE64: 0 | GF64: 0 | GG64: 0 | GH64: 0 | GI64: 0 | GJ64: 0 | GK64: 0 | GL64: 0 | GM64: 0 | GN64: 0 | GO64: 0 | GP64: 0 | GQ64: 0 | GR64: 0 | GS64: 0 | GT64: 0 | GU64: 0 | GV64: 0 | GW64: 0 | GX64: 0 | GY64: 0 | GZ64: 0 | HA64: 0 | HB64: 0 | HC64: 0 | HD64: 0 | HE64: 0 | HF64: 0 | HG64: 0 | HH64: 0 | HI64: 0 | HJ64: 0 | HK64: 0 | HL64: 0 | HM64: 0 | HN64: 0 | HO64: 0 | HP64: 0 | HQ64: 0 | HR64: 0 | HS64: 0 | HT64: 0 | HU64: 0 | HV64: 0 | HW64: 0 | HX64: 0 | HY64: 0 | HZ64: 0 | IA64: 0 | IB64: 0 | IC64: 0 | ID64: 0 | IE64: 0 | IF64: 0 | IG64: 0 | IH64: 0 | II64: 0 | IJ64: 0 | IK64: 0 | IL64: 0 | IM64: 0 | IN64: 0 | IO64: 0 | IP64: 0 | IQ64: 0 | IR64: 0 | IS64: 0 | IT64: 0 | IU64: 0 | IV64: 0 | IW64: 0 | IX64: 0 | IY64: 0 | IZ64: 0 | JA64: 0 | JB64: 0 | JC64: 0 | JD64: 0 | JE64: 0 | JF64: 0 | JG64: 0 | JH64: 0 | JI64: 0 | JJ64: 0 | JK64: 0 | JL64: 0 | JM64: 0 | JN64: 0 | JO64: 0 | JP64: 0 | JQ64: 0 | JR64: 0 | JS64: 0 | JT64: 0 | JU64: 0 | JV64: 0 | JW64: 0 | JX64: 0 | JY64: 0 | JZ64: 0 | KA64: 0 | KB64: 0 | KC64: 0 | KD64: 0 | KE64: 0 | KF64: 0 | KG64: 0 | KH64: 0 | KI64: 0 | KJ64: 0 | KK64: 0 | KL64: 0 | KM64: 0 | KN64: 0 | KO64: 0 | KP64: 0 | KQ64: 0 | KR64: 0 | KS64: 0 | KT64: 0 | KU64: 0 | KV64: 0 | KW64: 0 | KX64: 0 | KY64: 0 | KZ64: 0 | LA64: 0 | LB64: 0 | LC64: 0 | LD64: 0 | LE64: 0 | LF64: 0 | LG64: 0 | LH64: 0 | LI64: 0 | LJ64: 0 | LK64: 0 | LL64: 0 | LM64: 0 | LN64: 0 | LO64: 0 | LP64: 0 | LQ64: 0 | LR64: 0 | LS64: 0 | LT64: 0 | LU64: 0 | LV64: 0 | LW64: 0 | LX64: 0 | LY64: 0 | LZ64: 0 | MA64: 0 | MB64: 0 | MC64: 0 | MD64: 0 | ME64: 0
G65: 실행 | L65: 1 | M65: 1 | N65: 1
F66: Melsec Driver 및 제어 | G66: 계획 | H66: =IFERROR(MIN(SUM(I67:AB67)/SUM(I66:AB66), 1), 0) -> 1 | M66: 1 | N66: 1 | O66: 1 | AC66: 0 | AD66: 0 | AE66: 0 | AF66: 0 | AG66: 0 | AH66: 0 | AI66: 0 | AJ66: 0 | AK66: 0 | AL66: 0 | AM66: 0 | AN66: 0 | AO66: 0 | AP66: 0 | AQ66: 0 | AR66: 0 | AS66: 0 | AT66: 0 | AU66: 0 | AV66: 0 | AW66: 0 | AX66: 0 | AY66: 0 | AZ66: 0 | BA66: 0 | BB66: 0 | BC66: 0 | BD66: 0 | BE66: 0 | BF66: 0 | BG66: 0 | BH66: 0 | BI66: 0 | BJ66: 0 | BK66: 0 | BL66: 0 | BM66: 0 | BN66: 0 | BO66: 0 | BP66: 0 | BQ66: 0 | BR66: 0 | BS66: 0 | BT66: 0 | BU66: 0 | BV66: 0 | BW66: 0 | BX66: 0 | BY66: 0 | BZ66: 0 | CA66: 0 | CB66: 0 | CC66: 0 | CD66: 0 | CE66: 0 | CF66: 0 | CG66: 0 | CH66: 0 | CI66: 0 | CJ66: 0 | CK66: 0 | CL66: 0 | CM66: 0 | CN66: 0 | CO66: 0 | CP66: 0 | CQ66: 0 | CR66: 0 | CS66: 0 | CT66: 0 | CU66: 0 | CV66: 0 | CW66: 0 | CX66: 0 | CY66: 0 | CZ66: 0 | DA66: 0 | DB66: 0 | DC66: 0 | DD66: 0 | DE66: 0 | DF66: 0 | DG66: 0 | DH66: 0 | DI66: 0 | DJ66: 0 | DK66: 0 | DL66: 0 | DM66: 0 | DN66: 0 | DO66: 0 | DP66: 0 | DQ66: 0 | DR66: 0 | DS66: 0 | DT66: 0 | DU66: 0 | DV66: 0 | DW66: 0 | DX66: 0 | DY66: 0 | DZ66: 0 | EA66: 0 | EB66: 0 | EC66: 0 | ED66: 0 | EE66: 0 | EF66: 0 | EG66: 0 | EH66: 0 | EI66: 0 | EJ66: 0 | EK66: 0 | EL66: 0 | EM66: 0 | EN66: 0 | EO66: 0 | EP66: 0 | EQ66: 0 | ER66: 0 | ES66: 0 | ET66: 0 | EU66: 0 | EV66: 0 | EW66: 0 | EX66: 0 | EY66: 0 | EZ66: 0 | FA66: 0 | FB66: 0 | FC66: 0 | FD66: 0 | FE66: 0 | FF66: 0 | FG66: 0 | FH66: 0 | FI66: 0 | FJ66: 0 | FK66: 0 | FL66: 0 | FM66: 0 | FN66: 0 | FO66: 0 | FP66: 0 | FQ66: 0 | FR66: 0 | FS66: 0 | FT66: 0 | FU66: 0 | FV66: 0 | FW66: 0 | FX66: 0 | FY66: 0 | FZ66: 0 | GA66: 0 | GB66: 0 | GC66: 0 | GD66: 0 | GE66: 0 | GF66: 0 | GG66: 0 | GH66: 0 | GI66: 0 | GJ66: 0 | GK66: 0 | GL66: 0 | GM66: 0 | GN66: 0 | GO66: 0 | GP66: 0 | GQ66: 0 | GR66: 0 | GS66: 0 | GT66: 0 | GU66: 0 | GV66: 0 | GW66: 0 | GX66: 0 | GY66: 0 | GZ66: 0 | HA66: 0 | HB66: 0 | HC66: 0 | HD66: 0 | HE66: 0 | HF66: 0 | HG66: 0 | HH66: 0 | HI66: 0 | HJ66: 0 | HK66: 0 | HL66: 0 | HM66: 0 | HN66: 0 | HO66: 0 | HP66: 0 | HQ66: 0 | HR66: 0 | HS66: 0 | HT66: 0 | HU66: 0 | HV66: 0 | HW66: 0 | HX66: 0 | HY66: 0 | HZ66: 0 | IA66: 0 | IB66: 0 | IC66: 0 | ID66: 0 | IE66: 0 | IF66: 0 | IG66: 0 | IH66: 0 | II66: 0 | IJ66: 0 | IK66: 0 | IL66: 0 | IM66: 0 | IN66: 0 | IO66: 0 | IP66: 0 | IQ66: 0 | IR66: 0 | IS66: 0 | IT66: 0 | IU66: 0 | IV66: 0 | IW66: 0 | IX66: 0 | IY66: 0 | IZ66: 0 | JA66: 0 | JB66: 0 | JC66: 0 | JD66: 0 | JE66: 0 | JF66: 0 | JG66: 0 | JH66: 0 | JI66: 0 | JJ66: 0 | JK66: 0 | JL66: 0 | JM66: 0 | JN66: 0 | JO66: 0 | JP66: 0 | JQ66: 0 | JR66: 0 | JS66: 0 | JT66: 0 | JU66: 0 | JV66: 0 | JW66: 0 | JX66: 0 | JY66: 0 | JZ66: 0 | KA66: 0 | KB66: 0 | KC66: 0 | KD66: 0 | KE66: 0 | KF66: 0 | KG66: 0 | KH66: 0 | KI66: 0 | KJ66: 0 | KK66: 0 | KL66: 0 | KM66: 0 | KN66: 0 | KO66: 0 | KP66: 0 | KQ66: 0 | KR66: 0 | KS66: 0 | KT66: 0 | KU66: 0 | KV66: 0 | KW66: 0 | KX66: 0 | KY66: 0 | KZ66: 0 | LA66: 0 | LB66: 0 | LC66: 0 | LD66: 0 | LE66: 0 | LF66: 0 | LG66: 0 | LH66: 0 | LI66: 0 | LJ66: 0 | LK66: 0 | LL66: 0 | LM66: 0 | LN66: 0 | LO66: 0 | LP66: 0 | LQ66: 0 | LR66: 0 | LS66: 0 | LT66: 0 | LU66: 0 | LV66: 0 | LW66: 0 | LX66: 0 | LY66: 0 | LZ66: 0 | MA66: 0 | MB66: 0 | MC66: 0 | MD66: 0 | ME66: 0
G67: 실행 | M67: 1 | N67: 1 | O67: 1
F68: Accura Driver 및 제어 | G68: 계획 | H68: =IFERROR(MIN(SUM(I69:AB69)/SUM(I68:AB68), 1), 0) -> 1 | N68: 1 | O68: 1 | AC68: 0 | AD68: 0 | AE68: 0 | AF68: 0 | AG68: 0 | AH68: 0 | AI68: 0 | AJ68: 0 | AK68: 0 | AL68: 0 | AM68: 0 | AN68: 0 | AO68: 0 | AP68: 0 | AQ68: 0 | AR68: 0 | AS68: 0 | AT68: 0 | AU68: 0 | AV68: 0 | AW68: 0 | AX68: 0 | AY68: 0 | AZ68: 0 | BA68: 0 | BB68: 0 | BC68: 0 | BD68: 0 | BE68: 0 | BF68: 0 | BG68: 0 | BH68: 0 | BI68: 0 | BJ68: 0 | BK68: 0 | BL68: 0 | BM68: 0 | BN68: 0 | BO68: 0 | BP68: 0 | BQ68: 0 | BR68: 0 | BS68: 0 | BT68: 0 | BU68: 0 | BV68: 0 | BW68: 0 | BX68: 0 | BY68: 0 | BZ68: 0 | CA68: 0 | CB68: 0 | CC68: 0 | CD68: 0 | CE68: 0 | CF68: 0 | CG68: 0 | CH68: 0 | CI68: 0 | CJ68: 0 | CK68: 0 | CL68: 0 | CM68: 0 | CN68: 0 | CO68: 0 | CP68: 0 | CQ68: 0 | CR68: 0 | CS68: 0 | CT68: 0 | CU68: 0 | CV68: 0 | CW68: 0 | CX68: 0 | CY68: 0 | CZ68: 0 | DA68: 0 | DB68: 0 | DC68: 0 | DD68: 0 | DE68: 0 | DF68: 0 | DG68: 0 | DH68: 0 | DI68: 0 | DJ68: 0 | DK68: 0 | DL68: 0 | DM68: 0 | DN68: 0 | DO68: 0 | DP68: 0 | DQ68: 0 | DR68: 0 | DS68: 0 | DT68: 0 | DU68: 0 | DV68: 0 | DW68: 0 | DX68: 0 | DY68: 0 | DZ68: 0 | EA68: 0 | EB68: 0 | EC68: 0 | ED68: 0 | EE68: 0 | EF68: 0 | EG68: 0 | EH68: 0 | EI68: 0 | EJ68: 0 | EK68: 0 | EL68: 0 | EM68: 0 | EN68: 0 | EO68: 0 | EP68: 0 | EQ68: 0 | ER68: 0 | ES68: 0 | ET68: 0 | EU68: 0 | EV68: 0 | EW68: 0 | EX68: 0 | EY68: 0 | EZ68: 0 | FA68: 0 | FB68: 0 | FC68: 0 | FD68: 0 | FE68: 0 | FF68: 0 | FG68: 0 | FH68: 0 | FI68: 0 | FJ68: 0 | FK68: 0 | FL68: 0 | FM68: 0 | FN68: 0 | FO68: 0 | FP68: 0 | FQ68: 0 | FR68: 0 | FS68: 0 | FT68: 0 | FU68: 0 | FV68: 0 | FW68: 0 | FX68: 0 | FY68: 0 | FZ68: 0 | GA68: 0 | GB68: 0 | GC68: 0 | GD68: 0 | GE68: 0 | GF68: 0 | GG68: 0 | GH68: 0 | GI68: 0 | GJ68: 0 | GK68: 0 | GL68: 0 | GM68: 0 | GN68: 0 | GO68: 0 | GP68: 0 | GQ68: 0 | GR68: 0 | GS68: 0 | GT68: 0 | GU68: 0 | GV68: 0 | GW68: 0 | GX68: 0 | GY68: 0 | GZ68: 0 | HA68: 0 | HB68: 0 | HC68: 0 | HD68: 0 | HE68: 0 | HF68: 0 | HG68: 0 | HH68: 0 | HI68: 0 | HJ68: 0 | HK68: 0 | HL68: 0 | HM68: 0 | HN68: 0 | HO68: 0 | HP68: 0 | HQ68: 0 | HR68: 0 | HS68: 0 | HT68: 0 | HU68: 0 | HV68: 0 | HW68: 0 | HX68: 0 | HY68: 0 | HZ68: 0 | IA68: 0 | IB68: 0 | IC68: 0 | ID68: 0 | IE68: 0 | IF68: 0 | IG68: 0 | IH68: 0 | II68: 0 | IJ68: 0 | IK68: 0 | IL68: 0 | IM68: 0 | IN68: 0 | IO68: 0 | IP68: 0 | IQ68: 0 | IR68: 0 | IS68: 0 | IT68: 0 | IU68: 0 | IV68: 0 | IW68: 0 | IX68: 0 | IY68: 0 | IZ68: 0 | JA68: 0 | JB68: 0 | JC68: 0 | JD68: 0 | JE68: 0 | JF68: 0 | JG68: 0 | JH68: 0 | JI68: 0 | JJ68: 0 | JK68: 0 | JL68: 0 | JM68: 0 | JN68: 0 | JO68: 0 | JP68: 0 | JQ68: 0 | JR68: 0 | JS68: 0 | JT68: 0 | JU68: 0 | JV68: 0 | JW68: 0 | JX68: 0 | JY68: 0 | JZ68: 0 | KA68: 0 | KB68: 0 | KC68: 0 | KD68: 0 | KE68: 0 | KF68: 0 | KG68: 0 | KH68: 0 | KI68: 0 | KJ68: 0 | KK68: 0 | KL68: 0 | KM68: 0 | KN68: 0 | KO68: 0 | KP68: 0 | KQ68: 0 | KR68: 0 | KS68: 0 | KT68: 0 | KU68: 0 | KV68: 0 | KW68: 0 | KX68: 0 | KY68: 0 | KZ68: 0 | LA68: 0 | LB68: 0 | LC68: 0 | LD68: 0 | LE68: 0 | LF68: 0 | LG68: 0 | LH68: 0 | LI68: 0 | LJ68: 0 | LK68: 0 | LL68: 0 | LM68: 0 | LN68: 0 | LO68: 0 | LP68: 0 | LQ68: 0 | LR68: 0 | LS68: 0 | LT68: 0 | LU68: 0 | LV68: 0 | LW68: 0 | LX68: 0 | LY68: 0 | LZ68: 0 | MA68: 0 | MB68: 0 | MC68: 0 | MD68: 0 | ME68: 0
G69: 실행 | N69: 1 | O69: 1
F70: T50 Driver 및 제어 | G70: 계획 | H70: =IFERROR(MIN(SUM(I71:AB71)/SUM(I70:AB70), 1), 0) -> 1 | N70: 1 | O70: 1 | AC70: 0 | AD70: 0 | AE70: 0 | AF70: 0 | AG70: 0 | AH70: 0 | AI70: 0 | AJ70: 0 | AK70: 0 | AL70: 0 | AM70: 0 | AN70: 0 | AO70: 0 | AP70: 0 | AQ70: 0 | AR70: 0 | AS70: 0 | AT70: 0 | AU70: 0 | AV70: 0 | AW70: 0 | AX70: 0 | AY70: 0 | AZ70: 0 | BA70: 0 | BB70: 0 | BC70: 0 | BD70: 0 | BE70: 0 | BF70: 0 | BG70: 0 | BH70: 0 | BI70: 0 | BJ70: 0 | BK70: 0 | BL70: 0 | BM70: 0 | BN70: 0 | BO70: 0 | BP70: 0 | BQ70: 0 | BR70: 0 | BS70: 0 | BT70: 0 | BU70: 0 | BV70: 0 | BW70: 0 | BX70: 0 | BY70: 0 | BZ70: 0 | CA70: 0 | CB70: 0 | CC70: 0 | CD70: 0 | CE70: 0 | CF70: 0 | CG70: 0 | CH70: 0 | CI70: 0 | CJ70: 0 | CK70: 0 | CL70: 0 | CM70: 0 | CN70: 0 | CO70: 0 | CP70: 0 | CQ70: 0 | CR70: 0 | CS70: 0 | CT70: 0 | CU70: 0 | CV70: 0 | CW70: 0 | CX70: 0 | CY70: 0 | CZ70: 0 | DA70: 0 | DB70: 0 | DC70: 0 | DD70: 0 | DE70: 0 | DF70: 0 | DG70: 0 | DH70: 0 | DI70: 0 | DJ70: 0 | DK70: 0 | DL70: 0 | DM70: 0 | DN70: 0 | DO70: 0 | DP70: 0 | DQ70: 0 | DR70: 0 | DS70: 0 | DT70: 0 | DU70: 0 | DV70: 0 | DW70: 0 | DX70: 0 | DY70: 0 | DZ70: 0 | EA70: 0 | EB70: 0 | EC70: 0 | ED70: 0 | EE70: 0 | EF70: 0 | EG70: 0 | EH70: 0 | EI70: 0 | EJ70: 0 | EK70: 0 | EL70: 0 | EM70: 0 | EN70: 0 | EO70: 0 | EP70: 0 | EQ70: 0 | ER70: 0 | ES70: 0 | ET70: 0 | EU70: 0 | EV70: 0 | EW70: 0 | EX70: 0 | EY70: 0 | EZ70: 0 | FA70: 0 | FB70: 0 | FC70: 0 | FD70: 0 | FE70: 0 | FF70: 0 | FG70: 0 | FH70: 0 | FI70: 0 | FJ70: 0 | FK70: 0 | FL70: 0 | FM70: 0 | FN70: 0 | FO70: 0 | FP70: 0 | FQ70: 0 | FR70: 0 | FS70: 0 | FT70: 0 | FU70: 0 | FV70: 0 | FW70: 0 | FX70: 0 | FY70: 0 | FZ70: 0 | GA70: 0 | GB70: 0 | GC70: 0 | GD70: 0 | GE70: 0 | GF70: 0 | GG70: 0 | GH70: 0 | GI70: 0 | GJ70: 0 | GK70: 0 | GL70: 0 | GM70: 0 | GN70: 0 | GO70: 0 | GP70: 0 | GQ70: 0 | GR70: 0 | GS70: 0 | GT70: 0 | GU70: 0 | GV70: 0 | GW70: 0 | GX70: 0 | GY70: 0 | GZ70: 0 | HA70: 0 | HB70: 0 | HC70: 0 | HD70: 0 | HE70: 0 | HF70: 0 | HG70: 0 | HH70: 0 | HI70: 0 | HJ70: 0 | HK70: 0 | HL70: 0 | HM70: 0 | HN70: 0 | HO70: 0 | HP70: 0 | HQ70: 0 | HR70: 0 | HS70: 0 | HT70: 0 | HU70: 0 | HV70: 0 | HW70: 0 | HX70: 0 | HY70: 0 | HZ70: 0 | IA70: 0 | IB70: 0 | IC70: 0 | ID70: 0 | IE70: 0 | IF70: 0 | IG70: 0 | IH70: 0 | II70: 0 | IJ70: 0 | IK70: 0 | IL70: 0 | IM70: 0 | IN70: 0 | IO70: 0 | IP70: 0 | IQ70: 0 | IR70: 0 | IS70: 0 | IT70: 0 | IU70: 0 | IV70: 0 | IW70: 0 | IX70: 0 | IY70: 0 | IZ70: 0 | JA70: 0 | JB70: 0 | JC70: 0 | JD70: 0 | JE70: 0 | JF70: 0 | JG70: 0 | JH70: 0 | JI70: 0 | JJ70: 0 | JK70: 0 | JL70: 0 | JM70: 0 | JN70: 0 | JO70: 0 | JP70: 0 | JQ70: 0 | JR70: 0 | JS70: 0 | JT70: 0 | JU70: 0 | JV70: 0 | JW70: 0 | JX70: 0 | JY70: 0 | JZ70: 0 | KA70: 0 | KB70: 0 | KC70: 0 | KD70: 0 | KE70: 0 | KF70: 0 | KG70: 0 | KH70: 0 | KI70: 0 | KJ70: 0 | KK70: 0 | KL70: 0 | KM70: 0 | KN70: 0 | KO70: 0 | KP70: 0 | KQ70: 0 | KR70: 0 | KS70: 0 | KT70: 0 | KU70: 0 | KV70: 0 | KW70: 0 | KX70: 0 | KY70: 0 | KZ70: 0 | LA70: 0 | LB70: 0 | LC70: 0 | LD70: 0 | LE70: 0 | LF70: 0 | LG70: 0 | LH70: 0 | LI70: 0 | LJ70: 0 | LK70: 0 | LL70: 0 | LM70: 0 | LN70: 0 | LO70: 0 | LP70: 0 | LQ70: 0 | LR70: 0 | LS70: 0 | LT70: 0 | LU70: 0 | LV70: 0 | LW70: 0 | LX70: 0 | LY70: 0 | LZ70: 0 | MA70: 0 | MB70: 0 | MC70: 0 | MD70: 0 | ME70: 0
G71: 실행 | N71: 1 | O71: 1
D72: Commuinication | F72: Process I/F | G72: 계획 | H72: =IFERROR(MIN(SUM(I73:AB73)/SUM(I72:AB72), 1), 0) -> 1 | O72: 1 | P72: 1 | Q72: 1 | AC72: 0 | AD72: 0 | AE72: 0 | AF72: 0 | AG72: 0 | AH72: 0 | AI72: 0 | AJ72: 0 | AK72: 0 | AL72: 0 | AM72: 0 | AN72: 0 | AO72: 0 | AP72: 0 | AQ72: 0 | AR72: 0 | AS72: 0 | AT72: 0 | AU72: 0 | AV72: 0 | AW72: 0 | AX72: 0 | AY72: 0 | AZ72: 0 | BA72: 0 | BB72: 0 | BC72: 0 | BD72: 0 | BE72: 0 | BF72: 0 | BG72: 0 | BH72: 0 | BI72: 0 | BJ72: 0 | BK72: 0 | BL72: 0 | BM72: 0 | BN72: 0 | BO72: 0 | BP72: 0 | BQ72: 0 | BR72: 0 | BS72: 0 | BT72: 0 | BU72: 0 | BV72: 0 | BW72: 0 | BX72: 0 | BY72: 0 | BZ72: 0 | CA72: 0 | CB72: 0 | CC72: 0 | CD72: 0 | CE72: 0 | CF72: 0 | CG72: 0 | CH72: 0 | CI72: 0 | CJ72: 0 | CK72: 0 | CL72: 0 | CM72: 0 | CN72: 0 | CO72: 0 | CP72: 0 | CQ72: 0 | CR72: 0 | CS72: 0 | CT72: 0 | CU72: 0 | CV72: 0 | CW72: 0 | CX72: 0 | CY72: 0 | CZ72: 0 | DA72: 0 | DB72: 0 | DC72: 0 | DD72: 0 | DE72: 0 | DF72: 0 | DG72: 0 | DH72: 0 | DI72: 0 | DJ72: 0 | DK72: 0 | DL72: 0 | DM72: 0 | DN72: 0 | DO72: 0 | DP72: 0 | DQ72: 0 | DR72: 0 | DS72: 0 | DT72: 0 | DU72: 0 | DV72: 0 | DW72: 0 | DX72: 0 | DY72: 0 | DZ72: 0 | EA72: 0 | EB72: 0 | EC72: 0 | ED72: 0 | EE72: 0 | EF72: 0 | EG72: 0 | EH72: 0 | EI72: 0 | EJ72: 0 | EK72: 0 | EL72: 0 | EM72: 0 | EN72: 0 | EO72: 0 | EP72: 0 | EQ72: 0 | ER72: 0 | ES72: 0 | ET72: 0 | EU72: 0 | EV72: 0 | EW72: 0 | EX72: 0 | EY72: 0 | EZ72: 0 | FA72: 0 | FB72: 0 | FC72: 0 | FD72: 0 | FE72: 0 | FF72: 0 | FG72: 0 | FH72: 0 | FI72: 0 | FJ72: 0 | FK72: 0 | FL72: 0 | FM72: 0 | FN72: 0 | FO72: 0 | FP72: 0 | FQ72: 0 | FR72: 0 | FS72: 0 | FT72: 0 | FU72: 0 | FV72: 0 | FW72: 0 | FX72: 0 | FY72: 0 | FZ72: 0 | GA72: 0 | GB72: 0 | GC72: 0 | GD72: 0 | GE72: 0 | GF72: 0 | GG72: 0 | GH72: 0 | GI72: 0 | GJ72: 0 | GK72: 0 | GL72: 0 | GM72: 0 | GN72: 0 | GO72: 0 | GP72: 0 | GQ72: 0 | GR72: 0 | GS72: 0 | GT72: 0 | GU72: 0 | GV72: 0 | GW72: 0 | GX72: 0 | GY72: 0 | GZ72: 0 | HA72: 0 | HB72: 0 | HC72: 0 | HD72: 0 | HE72: 0 | HF72: 0 | HG72: 0 | HH72: 0 | HI72: 0 | HJ72: 0 | HK72: 0 | HL72: 0 | HM72: 0 | HN72: 0 | HO72: 0 | HP72: 0 | HQ72: 0 | HR72: 0 | HS72: 0 | HT72: 0 | HU72: 0 | HV72: 0 | HW72: 0 | HX72: 0 | HY72: 0 | HZ72: 0 | IA72: 0 | IB72: 0 | IC72: 0 | ID72: 0 | IE72: 0 | IF72: 0 | IG72: 0 | IH72: 0 | II72: 0 | IJ72: 0 | IK72: 0 | IL72: 0 | IM72: 0 | IN72: 0 | IO72: 0 | IP72: 0 | IQ72: 0 | IR72: 0 | IS72: 0 | IT72: 0 | IU72: 0 | IV72: 0 | IW72: 0 | IX72: 0 | IY72: 0 | IZ72: 0 | JA72: 0 | JB72: 0 | JC72: 0 | JD72: 0 | JE72: 0 | JF72: 0 | JG72: 0 | JH72: 0 | JI72: 0 | JJ72: 0 | JK72: 0 | JL72: 0 | JM72: 0 | JN72: 0 | JO72: 0 | JP72: 0 | JQ72: 0 | JR72: 0 | JS72: 0 | JT72: 0 | JU72: 0 | JV72: 0 | JW72: 0 | JX72: 0 | JY72: 0 | JZ72: 0 | KA72: 0 | KB72: 0 | KC72: 0 | KD72: 0 | KE72: 0 | KF72: 0 | KG72: 0 | KH72: 0 | KI72: 0 | KJ72: 0 | KK72: 0 | KL72: 0 | KM72: 0 | KN72: 0 | KO72: 0 | KP72: 0 | KQ72: 0 | KR72: 0 | KS72: 0 | KT72: 0 | KU72: 0 | KV72: 0 | KW72: 0 | KX72: 0 | KY72: 0 | KZ72: 0 | LA72: 0 | LB72: 0 | LC72: 0 | LD72: 0 | LE72: 0 | LF72: 0 | LG72: 0 | LH72: 0 | LI72: 0 | LJ72: 0 | LK72: 0 | LL72: 0 | LM72: 0 | LN72: 0 | LO72: 0 | LP72: 0 | LQ72: 0 | LR72: 0 | LS72: 0 | LT72: 0 | LU72: 0 | LV72: 0 | LW72: 0 | LX72: 0 | LY72: 0 | LZ72: 0 | MA72: 0 | MB72: 0 | MC72: 0 | MD72: 0 | ME72: 0
G73: 실행 | O73: 1 | P73: 1 | Q73: 1
F74: PLC I/F | G74: 계획 | H74: =IFERROR(MIN(SUM(I75:AB75)/SUM(I74:AB74), 1), 0) -> 1 | P74: 1 | Q74: 1 | R74: 1 | AC74: 0 | AD74: 0 | AE74: 0 | AF74: 0 | AG74: 0 | AH74: 0 | AI74: 0 | AJ74: 0 | AK74: 0 | AL74: 0 | AM74: 0 | AN74: 0 | AO74: 0 | AP74: 0 | AQ74: 0 | AR74: 0 | AS74: 0 | AT74: 0 | AU74: 0 | AV74: 0 | AW74: 0 | AX74: 0 | AY74: 0 | AZ74: 0 | BA74: 0 | BB74: 0 | BC74: 0 | BD74: 0 | BE74: 0 | BF74: 0 | BG74: 0 | BH74: 0 | BI74: 0 | BJ74: 0 | BK74: 0 | BL74: 0 | BM74: 0 | BN74: 0 | BO74: 0 | BP74: 0 | BQ74: 0 | BR74: 0 | BS74: 0 | BT74: 0 | BU74: 0 | BV74: 0 | BW74: 0 | BX74: 0 | BY74: 0 | BZ74: 0 | CA74: 0 | CB74: 0 | CC74: 0 | CD74: 0 | CE74: 0 | CF74: 0 | CG74: 0 | CH74: 0 | CI74: 0 | CJ74: 0 | CK74: 0 | CL74: 0 | CM74: 0 | CN74: 0 | CO74: 0 | CP74: 0 | CQ74: 0 | CR74: 0 | CS74: 0 | CT74: 0 | CU74: 0 | CV74: 0 | CW74: 0 | CX74: 0 | CY74: 0 | CZ74: 0 | DA74: 0 | DB74: 0 | DC74: 0 | DD74: 0 | DE74: 0 | DF74: 0 | DG74: 0 | DH74: 0 | DI74: 0 | DJ74: 0 | DK74: 0 | DL74: 0 | DM74: 0 | DN74: 0 | DO74: 0 | DP74: 0 | DQ74: 0 | DR74: 0 | DS74: 0 | DT74: 0 | DU74: 0 | DV74: 0 | DW74: 0 | DX74: 0 | DY74: 0 | DZ74: 0 | EA74: 0 | EB74: 0 | EC74: 0 | ED74: 0 | EE74: 0 | EF74: 0 | EG74: 0 | EH74: 0 | EI74: 0 | EJ74: 0 | EK74: 0 | EL74: 0 | EM74: 0 | EN74: 0 | EO74: 0 | EP74: 0 | EQ74: 0 | ER74: 0 | ES74: 0 | ET74: 0 | EU74: 0 | EV74: 0 | EW74: 0 | EX74: 0 | EY74: 0 | EZ74: 0 | FA74: 0 | FB74: 0 | FC74: 0 | FD74: 0 | FE74: 0 | FF74: 0 | FG74: 0 | FH74: 0 | FI74: 0 | FJ74: 0 | FK74: 0 | FL74: 0 | FM74: 0 | FN74: 0 | FO74: 0 | FP74: 0 | FQ74: 0 | FR74: 0 | FS74: 0 | FT74: 0 | FU74: 0 | FV74: 0 | FW74: 0 | FX74: 0 | FY74: 0 | FZ74: 0 | GA74: 0 | GB74: 0 | GC74: 0 | GD74: 0 | GE74: 0 | GF74: 0 | GG74: 0 | GH74: 0 | GI74: 0 | GJ74: 0 | GK74: 0 | GL74: 0 | GM74: 0 | GN74: 0 | GO74: 0 | GP74: 0 | GQ74: 0 | GR74: 0 | GS74: 0 | GT74: 0 | GU74: 0 | GV74: 0 | GW74: 0 | GX74: 0 | GY74: 0 | GZ74: 0 | HA74: 0 | HB74: 0 | HC74: 0 | HD74: 0 | HE74: 0 | HF74: 0 | HG74: 0 | HH74: 0 | HI74: 0 | HJ74: 0 | HK74: 0 | HL74: 0 | HM74: 0 | HN74: 0 | HO74: 0 | HP74: 0 | HQ74: 0 | HR74: 0 | HS74: 0 | HT74: 0 | HU74: 0 | HV74: 0 | HW74: 0 | HX74: 0 | HY74: 0 | HZ74: 0 | IA74: 0 | IB74: 0 | IC74: 0 | ID74: 0 | IE74: 0 | IF74: 0 | IG74: 0 | IH74: 0 | II74: 0 | IJ74: 0 | IK74: 0 | IL74: 0 | IM74: 0 | IN74: 0 | IO74: 0 | IP74: 0 | IQ74: 0 | IR74: 0 | IS74: 0 | IT74: 0 | IU74: 0 | IV74: 0 | IW74: 0 | IX74: 0 | IY74: 0 | IZ74: 0 | JA74: 0 | JB74: 0 | JC74: 0 | JD74: 0 | JE74: 0 | JF74: 0 | JG74: 0 | JH74: 0 | JI74: 0 | JJ74: 0 | JK74: 0 | JL74: 0 | JM74: 0 | JN74: 0 | JO74: 0 | JP74: 0 | JQ74: 0 | JR74: 0 | JS74: 0 | JT74: 0 | JU74: 0 | JV74: 0 | JW74: 0 | JX74: 0 | JY74: 0 | JZ74: 0 | KA74: 0 | KB74: 0 | KC74: 0 | KD74: 0 | KE74: 0 | KF74: 0 | KG74: 0 | KH74: 0 | KI74: 0 | KJ74: 0 | KK74: 0 | KL74: 0 | KM74: 0 | KN74: 0 | KO74: 0 | KP74: 0 | KQ74: 0 | KR74: 0 | KS74: 0 | KT74: 0 | KU74: 0 | KV74: 0 | KW74: 0 | KX74: 0 | KY74: 0 | KZ74: 0 | LA74: 0 | LB74: 0 | LC74: 0 | LD74: 0 | LE74: 0 | LF74: 0 | LG74: 0 | LH74: 0 | LI74: 0 | LJ74: 0 | LK74: 0 | LL74: 0 | LM74: 0 | LN74: 0 | LO74: 0 | LP74: 0 | LQ74: 0 | LR74: 0 | LS74: 0 | LT74: 0 | LU74: 0 | LV74: 0 | LW74: 0 | LX74: 0 | LY74: 0 | LZ74: 0 | MA74: 0 | MB74: 0 | MC74: 0 | MD74: 0 | ME74: 0
G75: 실행 | P75: 1 | Q75: 1 | R75: 1
F76: Vision I/F | G76: 계획 | H76: =IFERROR(MIN(SUM(I77:AB77)/SUM(I76:AB76), 1), 0) -> 1 | P76: 1 | Q76: 1 | AC76: 0 | AD76: 0 | AE76: 0 | AF76: 0 | AG76: 0 | AH76: 0 | AI76: 0 | AJ76: 0 | AK76: 0 | AL76: 0 | AM76: 0 | AN76: 0 | AO76: 0 | AP76: 0 | AQ76: 0 | AR76: 0 | AS76: 0 | AT76: 0 | AU76: 0 | AV76: 0 | AW76: 0 | AX76: 0 | AY76: 0 | AZ76: 0 | BA76: 0 | BB76: 0 | BC76: 0 | BD76: 0 | BE76: 0 | BF76: 0 | BG76: 0 | BH76: 0 | BI76: 0 | BJ76: 0 | BK76: 0 | BL76: 0 | BM76: 0 | BN76: 0 | BO76: 0 | BP76: 0 | BQ76: 0 | BR76: 0 | BS76: 0 | BT76: 0 | BU76: 0 | BV76: 0 | BW76: 0 | BX76: 0 | BY76: 0 | BZ76: 0 | CA76: 0 | CB76: 0 | CC76: 0 | CD76: 0 | CE76: 0 | CF76: 0 | CG76: 0 | CH76: 0 | CI76: 0 | CJ76: 0 | CK76: 0 | CL76: 0 | CM76: 0 | CN76: 0 | CO76: 0 | CP76: 0 | CQ76: 0 | CR76: 0 | CS76: 0 | CT76: 0 | CU76: 0 | CV76: 0 | CW76: 0 | CX76: 0 | CY76: 0 | CZ76: 0 | DA76: 0 | DB76: 0 | DC76: 0 | DD76: 0 | DE76: 0 | DF76: 0 | DG76: 0 | DH76: 0 | DI76: 0 | DJ76: 0 | DK76: 0 | DL76: 0 | DM76: 0 | DN76: 0 | DO76: 0 | DP76: 0 | DQ76: 0 | DR76: 0 | DS76: 0 | DT76: 0 | DU76: 0 | DV76: 0 | DW76: 0 | DX76: 0 | DY76: 0 | DZ76: 0 | EA76: 0 | EB76: 0 | EC76: 0 | ED76: 0 | EE76: 0 | EF76: 0 | EG76: 0 | EH76: 0 | EI76: 0 | EJ76: 0 | EK76: 0 | EL76: 0 | EM76: 0 | EN76: 0 | EO76: 0 | EP76: 0 | EQ76: 0 | ER76: 0 | ES76: 0 | ET76: 0 | EU76: 0 | EV76: 0 | EW76: 0 | EX76: 0 | EY76: 0 | EZ76: 0 | FA76: 0 | FB76: 0 | FC76: 0 | FD76: 0 | FE76: 0 | FF76: 0 | FG76: 0 | FH76: 0 | FI76: 0 | FJ76: 0 | FK76: 0 | FL76: 0 | FM76: 0 | FN76: 0 | FO76: 0 | FP76: 0 | FQ76: 0 | FR76: 0 | FS76: 0 | FT76: 0 | FU76: 0 | FV76: 0 | FW76: 0 | FX76: 0 | FY76: 0 | FZ76: 0 | GA76: 0 | GB76: 0 | GC76: 0 | GD76: 0 | GE76: 0 | GF76: 0 | GG76: 0 | GH76: 0 | GI76: 0 | GJ76: 0 | GK76: 0 | GL76: 0 | GM76: 0 | GN76: 0 | GO76: 0 | GP76: 0 | GQ76: 0 | GR76: 0 | GS76: 0 | GT76: 0 | GU76: 0 | GV76: 0 | GW76: 0 | GX76: 0 | GY76: 0 | GZ76: 0 | HA76: 0 | HB76: 0 | HC76: 0 | HD76: 0 | HE76: 0 | HF76: 0 | HG76: 0 | HH76: 0 | HI76: 0 | HJ76: 0 | HK76: 0 | HL76: 0 | HM76: 0 | HN76: 0 | HO76: 0 | HP76: 0 | HQ76: 0 | HR76: 0 | HS76: 0 | HT76: 0 | HU76: 0 | HV76: 0 | HW76: 0 | HX76: 0 | HY76: 0 | HZ76: 0 | IA76: 0 | IB76: 0 | IC76: 0 | ID76: 0 | IE76: 0 | IF76: 0 | IG76: 0 | IH76: 0 | II76: 0 | IJ76: 0 | IK76: 0 | IL76: 0 | IM76: 0 | IN76: 0 | IO76: 0 | IP76: 0 | IQ76: 0 | IR76: 0 | IS76: 0 | IT76: 0 | IU76: 0 | IV76: 0 | IW76: 0 | IX76: 0 | IY76: 0 | IZ76: 0 | JA76: 0 | JB76: 0 | JC76: 0 | JD76: 0 | JE76: 0 | JF76: 0 | JG76: 0 | JH76: 0 | JI76: 0 | JJ76: 0 | JK76: 0 | JL76: 0 | JM76: 0 | JN76: 0 | JO76: 0 | JP76: 0 | JQ76: 0 | JR76: 0 | JS76: 0 | JT76: 0 | JU76: 0 | JV76: 0 | JW76: 0 | JX76: 0 | JY76: 0 | JZ76: 0 | KA76: 0 | KB76: 0 | KC76: 0 | KD76: 0 | KE76: 0 | KF76: 0 | KG76: 0 | KH76: 0 | KI76: 0 | KJ76: 0 | KK76: 0 | KL76: 0 | KM76: 0 | KN76: 0 | KO76: 0 | KP76: 0 | KQ76: 0 | KR76: 0 | KS76: 0 | KT76: 0 | KU76: 0 | KV76: 0 | KW76: 0 | KX76: 0 | KY76: 0 | KZ76: 0 | LA76: 0 | LB76: 0 | LC76: 0 | LD76: 0 | LE76: 0 | LF76: 0 | LG76: 0 | LH76: 0 | LI76: 0 | LJ76: 0 | LK76: 0 | LL76: 0 | LM76: 0 | LN76: 0 | LO76: 0 | LP76: 0 | LQ76: 0 | LR76: 0 | LS76: 0 | LT76: 0 | LU76: 0 | LV76: 0 | LW76: 0 | LX76: 0 | LY76: 0 | LZ76: 0 | MA76: 0 | MB76: 0 | MC76: 0 | MD76: 0 | ME76: 0
G77: 실행 | P77: 1 | Q77: 1
D78: GUI | F78: UI Main | G78: 계획 | H78: =IFERROR(MIN(SUM(I79:AB79)/SUM(I78:AB78), 1), 0) -> 1 | R78: 1 | S78: 1 | T78: 1 | AC78: 0 | AD78: 0 | AE78: 0 | AF78: 0 | AG78: 0 | AH78: 0 | AI78: 0 | AJ78: 0 | AK78: 0 | AL78: 0 | AM78: 0 | AN78: 0 | AO78: 0 | AP78: 0 | AQ78: 0 | AR78: 0 | AS78: 0 | AT78: 0 | AU78: 0 | AV78: 0 | AW78: 0 | AX78: 0 | AY78: 0 | AZ78: 0 | BA78: 0 | BB78: 0 | BC78: 0 | BD78: 0 | BE78: 0 | BF78: 0 | BG78: 0 | BH78: 0 | BI78: 0 | BJ78: 0 | BK78: 0 | BL78: 0 | BM78: 0 | BN78: 0 | BO78: 0 | BP78: 0 | BQ78: 0 | BR78: 0 | BS78: 0 | BT78: 0 | BU78: 0 | BV78: 0 | BW78: 0 | BX78: 0 | BY78: 0 | BZ78: 0 | CA78: 0 | CB78: 0 | CC78: 0 | CD78: 0 | CE78: 0 | CF78: 0 | CG78: 0 | CH78: 0 | CI78: 0 | CJ78: 0 | CK78: 0 | CL78: 0 | CM78: 0 | CN78: 0 | CO78: 0 | CP78: 0 | CQ78: 0 | CR78: 0 | CS78: 0 | CT78: 0 | CU78: 0 | CV78: 0 | CW78: 0 | CX78: 0 | CY78: 0 | CZ78: 0 | DA78: 0 | DB78: 0 | DC78: 0 | DD78: 0 | DE78: 0 | DF78: 0 | DG78: 0 | DH78: 0 | DI78: 0 | DJ78: 0 | DK78: 0 | DL78: 0 | DM78: 0 | DN78: 0 | DO78: 0 | DP78: 0 | DQ78: 0 | DR78: 0 | DS78: 0 | DT78: 0 | DU78: 0 | DV78: 0 | DW78: 0 | DX78: 0 | DY78: 0 | DZ78: 0 | EA78: 0 | EB78: 0 | EC78: 0 | ED78: 0 | EE78: 0 | EF78: 0 | EG78: 0 | EH78: 0 | EI78: 0 | EJ78: 0 | EK78: 0 | EL78: 0 | EM78: 0 | EN78: 0 | EO78: 0 | EP78: 0 | EQ78: 0 | ER78: 0 | ES78: 0 | ET78: 0 | EU78: 0 | EV78: 0 | EW78: 0 | EX78: 0 | EY78: 0 | EZ78: 0 | FA78: 0 | FB78: 0 | FC78: 0 | FD78: 0 | FE78: 0 | FF78: 0 | FG78: 0 | FH78: 0 | FI78: 0 | FJ78: 0 | FK78: 0 | FL78: 0 | FM78: 0 | FN78: 0 | FO78: 0 | FP78: 0 | FQ78: 0 | FR78: 0 | FS78: 0 | FT78: 0 | FU78: 0 | FV78: 0 | FW78: 0 | FX78: 0 | FY78: 0 | FZ78: 0 | GA78: 0 | GB78: 0 | GC78: 0 | GD78: 0 | GE78: 0 | GF78: 0 | GG78: 0 | GH78: 0 | GI78: 0 | GJ78: 0 | GK78: 0 | GL78: 0 | GM78: 0 | GN78: 0 | GO78: 0 | GP78: 0 | GQ78: 0 | GR78: 0 | GS78: 0 | GT78: 0 | GU78: 0 | GV78: 0 | GW78: 0 | GX78: 0 | GY78: 0 | GZ78: 0 | HA78: 0 | HB78: 0 | HC78: 0 | HD78: 0 | HE78: 0 | HF78: 0 | HG78: 0 | HH78: 0 | HI78: 0 | HJ78: 0 | HK78: 0 | HL78: 0 | HM78: 0 | HN78: 0 | HO78: 0 | HP78: 0 | HQ78: 0 | HR78: 0 | HS78: 0 | HT78: 0 | HU78: 0 | HV78: 0 | HW78: 0 | HX78: 0 | HY78: 0 | HZ78: 0 | IA78: 0 | IB78: 0 | IC78: 0 | ID78: 0 | IE78: 0 | IF78: 0 | IG78: 0 | IH78: 0 | II78: 0 | IJ78: 0 | IK78: 0 | IL78: 0 | IM78: 0 | IN78: 0 | IO78: 0 | IP78: 0 | IQ78: 0 | IR78: 0 | IS78: 0 | IT78: 0 | IU78: 0 | IV78: 0 | IW78: 0 | IX78: 0 | IY78: 0 | IZ78: 0 | JA78: 0 | JB78: 0 | JC78: 0 | JD78: 0 | JE78: 0 | JF78: 0 | JG78: 0 | JH78: 0 | JI78: 0 | JJ78: 0 | JK78: 0 | JL78: 0 | JM78: 0 | JN78: 0 | JO78: 0 | JP78: 0 | JQ78: 0 | JR78: 0 | JS78: 0 | JT78: 0 | JU78: 0 | JV78: 0 | JW78: 0 | JX78: 0 | JY78: 0 | JZ78: 0 | KA78: 0 | KB78: 0 | KC78: 0 | KD78: 0 | KE78: 0 | KF78: 0 | KG78: 0 | KH78: 0 | KI78: 0 | KJ78: 0 | KK78: 0 | KL78: 0 | KM78: 0 | KN78: 0 | KO78: 0 | KP78: 0 | KQ78: 0 | KR78: 0 | KS78: 0 | KT78: 0 | KU78: 0 | KV78: 0 | KW78: 0 | KX78: 0 | KY78: 0 | KZ78: 0 | LA78: 0 | LB78: 0 | LC78: 0 | LD78: 0 | LE78: 0 | LF78: 0 | LG78: 0 | LH78: 0 | LI78: 0 | LJ78: 0 | LK78: 0 | LL78: 0 | LM78: 0 | LN78: 0 | LO78: 0 | LP78: 0 | LQ78: 0 | LR78: 0 | LS78: 0 | LT78: 0 | LU78: 0 | LV78: 0 | LW78: 0 | LX78: 0 | LY78: 0 | LZ78: 0 | MA78: 0 | MB78: 0 | MC78: 0 | MD78: 0 | ME78: 0
G79: 실행 | R79: 1 | S79: 1 | T79: 1
F80: UI Manual | G80: 계획 | H80: =IFERROR(MIN(SUM(I81:AB81)/SUM(I80:AB80), 1), 0) -> 1 | S80: 1 | T80: 1 | AC80: 0 | AD80: 0 | AE80: 0 | AF80: 0 | AG80: 0 | AH80: 0 | AI80: 0 | AJ80: 0 | AK80: 0 | AL80: 0 | AM80: 0 | AN80: 0 | AO80: 0 | AP80: 0 | AQ80: 0 | AR80: 0 | AS80: 0 | AT80: 0 | AU80: 0 | AV80: 0 | AW80: 0 | AX80: 0 | AY80: 0 | AZ80: 0 | BA80: 0 | BB80: 0 | BC80: 0 | BD80: 0 | BE80: 0 | BF80: 0 | BG80: 0 | BH80: 0 | BI80: 0 | BJ80: 0 | BK80: 0 | BL80: 0 | BM80: 0 | BN80: 0 | BO80: 0 | BP80: 0 | BQ80: 0 | BR80: 0 | BS80: 0 | BT80: 0 | BU80: 0 | BV80: 0 | BW80: 0 | BX80: 0 | BY80: 0 | BZ80: 0 | CA80: 0 | CB80: 0 | CC80: 0 | CD80: 0 | CE80: 0 | CF80: 0 | CG80: 0 | CH80: 0 | CI80: 0 | CJ80: 0 | CK80: 0 | CL80: 0 | CM80: 0 | CN80: 0 | CO80: 0 | CP80: 0 | CQ80: 0 | CR80: 0 | CS80: 0 | CT80: 0 | CU80: 0 | CV80: 0 | CW80: 0 | CX80: 0 | CY80: 0 | CZ80: 0 | DA80: 0 | DB80: 0 | DC80: 0 | DD80: 0 | DE80: 0 | DF80: 0 | DG80: 0 | DH80: 0 | DI80: 0 | DJ80: 0 | DK80: 0 | DL80: 0 | DM80: 0 | DN80: 0 | DO80: 0 | DP80: 0 | DQ80: 0 | DR80: 0 | DS80: 0 | DT80: 0 | DU80: 0 | DV80: 0 | DW80: 0 | DX80: 0 | DY80: 0 | DZ80: 0 | EA80: 0 | EB80: 0 | EC80: 0 | ED80: 0 | EE80: 0 | EF80: 0 | EG80: 0 | EH80: 0 | EI80: 0 | EJ80: 0 | EK80: 0 | EL80: 0 | EM80: 0 | EN80: 0 | EO80: 0 | EP80: 0 | EQ80: 0 | ER80: 0 | ES80: 0 | ET80: 0 | EU80: 0 | EV80: 0 | EW80: 0 | EX80: 0 | EY80: 0 | EZ80: 0 | FA80: 0 | FB80: 0 | FC80: 0 | FD80: 0 | FE80: 0 | FF80: 0 | FG80: 0 | FH80: 0 | FI80: 0 | FJ80: 0 | FK80: 0 | FL80: 0 | FM80: 0 | FN80: 0 | FO80: 0 | FP80: 0 | FQ80: 0 | FR80: 0 | FS80: 0 | FT80: 0 | FU80: 0 | FV80: 0 | FW80: 0 | FX80: 0 | FY80: 0 | FZ80: 0 | GA80: 0 | GB80: 0 | GC80: 0 | GD80: 0 | GE80: 0 | GF80: 0 | GG80: 0 | GH80: 0 | GI80: 0 | GJ80: 0 | GK80: 0 | GL80: 0 | GM80: 0 | GN80: 0 | GO80: 0 | GP80: 0 | GQ80: 0 | GR80: 0 | GS80: 0 | GT80: 0 | GU80: 0 | GV80: 0 | GW80: 0 | GX80: 0 | GY80: 0 | GZ80: 0 | HA80: 0 | HB80: 0 | HC80: 0 | HD80: 0 | HE80: 0 | HF80: 0 | HG80: 0 | HH80: 0 | HI80: 0 | HJ80: 0 | HK80: 0 | HL80: 0 | HM80: 0 | HN80: 0 | HO80: 0 | HP80: 0 | HQ80: 0 | HR80: 0 | HS80: 0 | HT80: 0 | HU80: 0 | HV80: 0 | HW80: 0 | HX80: 0 | HY80: 0 | HZ80: 0 | IA80: 0 | IB80: 0 | IC80: 0 | ID80: 0 | IE80: 0 | IF80: 0 | IG80: 0 | IH80: 0 | II80: 0 | IJ80: 0 | IK80: 0 | IL80: 0 | IM80: 0 | IN80: 0 | IO80: 0 | IP80: 0 | IQ80: 0 | IR80: 0 | IS80: 0 | IT80: 0 | IU80: 0 | IV80: 0 | IW80: 0 | IX80: 0 | IY80: 0 | IZ80: 0 | JA80: 0 | JB80: 0 | JC80: 0 | JD80: 0 | JE80: 0 | JF80: 0 | JG80: 0 | JH80: 0 | JI80: 0 | JJ80: 0 | JK80: 0 | JL80: 0 | JM80: 0 | JN80: 0 | JO80: 0 | JP80: 0 | JQ80: 0 | JR80: 0 | JS80: 0 | JT80: 0 | JU80: 0 | JV80: 0 | JW80: 0 | JX80: 0 | JY80: 0 | JZ80: 0 | KA80: 0 | KB80: 0 | KC80: 0 | KD80: 0 | KE80: 0 | KF80: 0 | KG80: 0 | KH80: 0 | KI80: 0 | KJ80: 0 | KK80: 0 | KL80: 0 | KM80: 0 | KN80: 0 | KO80: 0 | KP80: 0 | KQ80: 0 | KR80: 0 | KS80: 0 | KT80: 0 | KU80: 0 | KV80: 0 | KW80: 0 | KX80: 0 | KY80: 0 | KZ80: 0 | LA80: 0 | LB80: 0 | LC80: 0 | LD80: 0 | LE80: 0 | LF80: 0 | LG80: 0 | LH80: 0 | LI80: 0 | LJ80: 0 | LK80: 0 | LL80: 0 | LM80: 0 | LN80: 0 | LO80: 0 | LP80: 0 | LQ80: 0 | LR80: 0 | LS80: 0 | LT80: 0 | LU80: 0 | LV80: 0 | LW80: 0 | LX80: 0 | LY80: 0 | LZ80: 0 | MA80: 0 | MB80: 0 | MC80: 0 | MD80: 0 | ME80: 0
G81: 실행 | S81: 1 | T81: 1
F82: UI Function | G82: 계획 | H82: =IFERROR(MIN(SUM(I83:AB83)/SUM(I82:AB82), 1), 0) -> 1 | T82: 1 | U82: 1 | V82: 1 | AC82: 0 | AD82: 0 | AE82: 0 | AF82: 0 | AG82: 0 | AH82: 0 | AI82: 0 | AJ82: 0 | AK82: 0 | AL82: 0 | AM82: 0 | AN82: 0 | AO82: 0 | AP82: 0 | AQ82: 0 | AR82: 0 | AS82: 0 | AT82: 0 | AU82: 0 | AV82: 0 | AW82: 0 | AX82: 0 | AY82: 0 | AZ82: 0 | BA82: 0 | BB82: 0 | BC82: 0 | BD82: 0 | BE82: 0 | BF82: 0 | BG82: 0 | BH82: 0 | BI82: 0 | BJ82: 0 | BK82: 0 | BL82: 0 | BM82: 0 | BN82: 0 | BO82: 0 | BP82: 0 | BQ82: 0 | BR82: 0 | BS82: 0 | BT82: 0 | BU82: 0 | BV82: 0 | BW82: 0 | BX82: 0 | BY82: 0 | BZ82: 0 | CA82: 0 | CB82: 0 | CC82: 0 | CD82: 0 | CE82: 0 | CF82: 0 | CG82: 0 | CH82: 0 | CI82: 0 | CJ82: 0 | CK82: 0 | CL82: 0 | CM82: 0 | CN82: 0 | CO82: 0 | CP82: 0 | CQ82: 0 | CR82: 0 | CS82: 0 | CT82: 0 | CU82: 0 | CV82: 0 | CW82: 0 | CX82: 0 | CY82: 0 | CZ82: 0 | DA82: 0 | DB82: 0 | DC82: 0 | DD82: 0 | DE82: 0 | DF82: 0 | DG82: 0 | DH82: 0 | DI82: 0 | DJ82: 0 | DK82: 0 | DL82: 0 | DM82: 0 | DN82: 0 | DO82: 0 | DP82: 0 | DQ82: 0 | DR82: 0 | DS82: 0 | DT82: 0 | DU82: 0 | DV82: 0 | DW82: 0 | DX82: 0 | DY82: 0 | DZ82: 0 | EA82: 0 | EB82: 0 | EC82: 0 | ED82: 0 | EE82: 0 | EF82: 0 | EG82: 0 | EH82: 0 | EI82: 0 | EJ82: 0 | EK82: 0 | EL82: 0 | EM82: 0 | EN82: 0 | EO82: 0 | EP82: 0 | EQ82: 0 | ER82: 0 | ES82: 0 | ET82: 0 | EU82: 0 | EV82: 0 | EW82: 0 | EX82: 0 | EY82: 0 | EZ82: 0 | FA82: 0 | FB82: 0 | FC82: 0 | FD82: 0 | FE82: 0 | FF82: 0 | FG82: 0 | FH82: 0 | FI82: 0 | FJ82: 0 | FK82: 0 | FL82: 0 | FM82: 0 | FN82: 0 | FO82: 0 | FP82: 0 | FQ82: 0 | FR82: 0 | FS82: 0 | FT82: 0 | FU82: 0 | FV82: 0 | FW82: 0 | FX82: 0 | FY82: 0 | FZ82: 0 | GA82: 0 | GB82: 0 | GC82: 0 | GD82: 0 | GE82: 0 | GF82: 0 | GG82: 0 | GH82: 0 | GI82: 0 | GJ82: 0 | GK82: 0 | GL82: 0 | GM82: 0 | GN82: 0 | GO82: 0 | GP82: 0 | GQ82: 0 | GR82: 0 | GS82: 0 | GT82: 0 | GU82: 0 | GV82: 0 | GW82: 0 | GX82: 0 | GY82: 0 | GZ82: 0 | HA82: 0 | HB82: 0 | HC82: 0 | HD82: 0 | HE82: 0 | HF82: 0 | HG82: 0 | HH82: 0 | HI82: 0 | HJ82: 0 | HK82: 0 | HL82: 0 | HM82: 0 | HN82: 0 | HO82: 0 | HP82: 0 | HQ82: 0 | HR82: 0 | HS82: 0 | HT82: 0 | HU82: 0 | HV82: 0 | HW82: 0 | HX82: 0 | HY82: 0 | HZ82: 0 | IA82: 0 | IB82: 0 | IC82: 0 | ID82: 0 | IE82: 0 | IF82: 0 | IG82: 0 | IH82: 0 | II82: 0 | IJ82: 0 | IK82: 0 | IL82: 0 | IM82: 0 | IN82: 0 | IO82: 0 | IP82: 0 | IQ82: 0 | IR82: 0 | IS82: 0 | IT82: 0 | IU82: 0 | IV82: 0 | IW82: 0 | IX82: 0 | IY82: 0 | IZ82: 0 | JA82: 0 | JB82: 0 | JC82: 0 | JD82: 0 | JE82: 0 | JF82: 0 | JG82: 0 | JH82: 0 | JI82: 0 | JJ82: 0 | JK82: 0 | JL82: 0 | JM82: 0 | JN82: 0 | JO82: 0 | JP82: 0 | JQ82: 0 | JR82: 0 | JS82: 0 | JT82: 0 | JU82: 0 | JV82: 0 | JW82: 0 | JX82: 0 | JY82: 0 | JZ82: 0 | KA82: 0 | KB82: 0 | KC82: 0 | KD82: 0 | KE82: 0 | KF82: 0 | KG82: 0 | KH82: 0 | KI82: 0 | KJ82: 0 | KK82: 0 | KL82: 0 | KM82: 0 | KN82: 0 | KO82: 0 | KP82: 0 | KQ82: 0 | KR82: 0 | KS82: 0 | KT82: 0 | KU82: 0 | KV82: 0 | KW82: 0 | KX82: 0 | KY82: 0 | KZ82: 0 | LA82: 0 | LB82: 0 | LC82: 0 | LD82: 0 | LE82: 0 | LF82: 0 | LG82: 0 | LH82: 0 | LI82: 0 | LJ82: 0 | LK82: 0 | LL82: 0 | LM82: 0 | LN82: 0 | LO82: 0 | LP82: 0 | LQ82: 0 | LR82: 0 | LS82: 0 | LT82: 0 | LU82: 0 | LV82: 0 | LW82: 0 | LX82: 0 | LY82: 0 | LZ82: 0 | MA82: 0 | MB82: 0 | MC82: 0 | MD82: 0 | ME82: 0
G83: 실행 | T83: 1 | U83: 1 | V83: 1
F84: UI Config | G84: 계획 | H84: =IFERROR(MIN(SUM(I85:AB85)/SUM(I84:AB84), 1), 0) -> 1 | T84: 1 | U84: 1 | V84: 1 | W84: 1 | AC84: 0 | AD84: 0 | AE84: 0 | AF84: 0 | AG84: 0 | AH84: 0 | AI84: 0 | AJ84: 0 | AK84: 0 | AL84: 0 | AM84: 0 | AN84: 0 | AO84: 0 | AP84: 0 | AQ84: 0 | AR84: 0 | AS84: 0 | AT84: 0 | AU84: 0 | AV84: 0 | AW84: 0 | AX84: 0 | AY84: 0 | AZ84: 0 | BA84: 0 | BB84: 0 | BC84: 0 | BD84: 0 | BE84: 0 | BF84: 0 | BG84: 0 | BH84: 0 | BI84: 0 | BJ84: 0 | BK84: 0 | BL84: 0 | BM84: 0 | BN84: 0 | BO84: 0 | BP84: 0 | BQ84: 0 | BR84: 0 | BS84: 0 | BT84: 0 | BU84: 0 | BV84: 0 | BW84: 0 | BX84: 0 | BY84: 0 | BZ84: 0 | CA84: 0 | CB84: 0 | CC84: 0 | CD84: 0 | CE84: 0 | CF84: 0 | CG84: 0 | CH84: 0 | CI84: 0 | CJ84: 0 | CK84: 0 | CL84: 0 | CM84: 0 | CN84: 0 | CO84: 0 | CP84: 0 | CQ84: 0 | CR84: 0 | CS84: 0 | CT84: 0 | CU84: 0 | CV84: 0 | CW84: 0 | CX84: 0 | CY84: 0 | CZ84: 0 | DA84: 0 | DB84: 0 | DC84: 0 | DD84: 0 | DE84: 0 | DF84: 0 | DG84: 0 | DH84: 0 | DI84: 0 | DJ84: 0 | DK84: 0 | DL84: 0 | DM84: 0 | DN84: 0 | DO84: 0 | DP84: 0 | DQ84: 0 | DR84: 0 | DS84: 0 | DT84: 0 | DU84: 0 | DV84: 0 | DW84: 0 | DX84: 0 | DY84: 0 | DZ84: 0 | EA84: 0 | EB84: 0 | EC84: 0 | ED84: 0 | EE84: 0 | EF84: 0 | EG84: 0 | EH84: 0 | EI84: 0 | EJ84: 0 | EK84: 0 | EL84: 0 | EM84: 0 | EN84: 0 | EO84: 0 | EP84: 0 | EQ84: 0 | ER84: 0 | ES84: 0 | ET84: 0 | EU84: 0 | EV84: 0 | EW84: 0 | EX84: 0 | EY84: 0 | EZ84: 0 | FA84: 0 | FB84: 0 | FC84: 0 | FD84: 0 | FE84: 0 | FF84: 0 | FG84: 0 | FH84: 0 | FI84: 0 | FJ84: 0 | FK84: 0 | FL84: 0 | FM84: 0 | FN84: 0 | FO84: 0 | FP84: 0 | FQ84: 0 | FR84: 0 | FS84: 0 | FT84: 0 | FU84: 0 | FV84: 0 | FW84: 0 | FX84: 0 | FY84: 0 | FZ84: 0 | GA84: 0 | GB84: 0 | GC84: 0 | GD84: 0 | GE84: 0 | GF84: 0 | GG84: 0 | GH84: 0 | GI84: 0 | GJ84: 0 | GK84: 0 | GL84: 0 | GM84: 0 | GN84: 0 | GO84: 0 | GP84: 0 | GQ84: 0 | GR84: 0 | GS84: 0 | GT84: 0 | GU84: 0 | GV84: 0 | GW84: 0 | GX84: 0 | GY84: 0 | GZ84: 0 | HA84: 0 | HB84: 0 | HC84: 0 | HD84: 0 | HE84: 0 | HF84: 0 | HG84: 0 | HH84: 0 | HI84: 0 | HJ84: 0 | HK84: 0 | HL84: 0 | HM84: 0 | HN84: 0 | HO84: 0 | HP84: 0 | HQ84: 0 | HR84: 0 | HS84: 0 | HT84: 0 | HU84: 0 | HV84: 0 | HW84: 0 | HX84: 0 | HY84: 0 | HZ84: 0 | IA84: 0 | IB84: 0 | IC84: 0 | ID84: 0 | IE84: 0 | IF84: 0 | IG84: 0 | IH84: 0 | II84: 0 | IJ84: 0 | IK84: 0 | IL84: 0 | IM84: 0 | IN84: 0 | IO84: 0 | IP84: 0 | IQ84: 0 | IR84: 0 | IS84: 0 | IT84: 0 | IU84: 0 | IV84: 0 | IW84: 0 | IX84: 0 | IY84: 0 | IZ84: 0 | JA84: 0 | JB84: 0 | JC84: 0 | JD84: 0 | JE84: 0 | JF84: 0 | JG84: 0 | JH84: 0 | JI84: 0 | JJ84: 0 | JK84: 0 | JL84: 0 | JM84: 0 | JN84: 0 | JO84: 0 | JP84: 0 | JQ84: 0 | JR84: 0 | JS84: 0 | JT84: 0 | JU84: 0 | JV84: 0 | JW84: 0 | JX84: 0 | JY84: 0 | JZ84: 0 | KA84: 0 | KB84: 0 | KC84: 0 | KD84: 0 | KE84: 0 | KF84: 0 | KG84: 0 | KH84: 0 | KI84: 0 | KJ84: 0 | KK84: 0 | KL84: 0 | KM84: 0 | KN84: 0 | KO84: 0 | KP84: 0 | KQ84: 0 | KR84: 0 | KS84: 0 | KT84: 0 | KU84: 0 | KV84: 0 | KW84: 0 | KX84: 0 | KY84: 0 | KZ84: 0 | LA84: 0 | LB84: 0 | LC84: 0 | LD84: 0 | LE84: 0 | LF84: 0 | LG84: 0 | LH84: 0 | LI84: 0 | LJ84: 0 | LK84: 0 | LL84: 0 | LM84: 0 | LN84: 0 | LO84: 0 | LP84: 0 | LQ84: 0 | LR84: 0 | LS84: 0 | LT84: 0 | LU84: 0 | LV84: 0 | LW84: 0 | LX84: 0 | LY84: 0 | LZ84: 0 | MA84: 0 | MB84: 0 | MC84: 0 | MD84: 0 | ME84: 0
G85: 실행 | T85: 1 | U85: 1 | V85: 1 | W85: 1
D86: 알고리즘 개발 | F86: PTW 평탄 | G86: 계획 | H86: =IFERROR(MIN(SUM(I87:AB87)/SUM(I86:AB86), 1), 0) -> 1 | S86: 1 | T86: 1 | AC86: 0 | AD86: 0 | AE86: 0 | AF86: 0 | AG86: 0 | AH86: 0 | AI86: 0 | AJ86: 0 | AK86: 0 | AL86: 0 | AM86: 0 | AN86: 0 | AO86: 0 | AP86: 0 | AQ86: 0 | AR86: 0 | AS86: 0 | AT86: 0 | AU86: 0 | AV86: 0 | AW86: 0 | AX86: 0 | AY86: 0 | AZ86: 0 | BA86: 0 | BB86: 0 | BC86: 0 | BD86: 0 | BE86: 0 | BF86: 0 | BG86: 0 | BH86: 0 | BI86: 0 | BJ86: 0 | BK86: 0 | BL86: 0 | BM86: 0 | BN86: 0 | BO86: 0 | BP86: 0 | BQ86: 0 | BR86: 0 | BS86: 0 | BT86: 0 | BU86: 0 | BV86: 0 | BW86: 0 | BX86: 0 | BY86: 0 | BZ86: 0 | CA86: 0 | CB86: 0 | CC86: 0 | CD86: 0 | CE86: 0 | CF86: 0 | CG86: 0 | CH86: 0 | CI86: 0 | CJ86: 0 | CK86: 0 | CL86: 0 | CM86: 0 | CN86: 0 | CO86: 0 | CP86: 0 | CQ86: 0 | CR86: 0 | CS86: 0 | CT86: 0 | CU86: 0 | CV86: 0 | CW86: 0 | CX86: 0 | CY86: 0 | CZ86: 0 | DA86: 0 | DB86: 0 | DC86: 0 | DD86: 0 | DE86: 0 | DF86: 0 | DG86: 0 | DH86: 0 | DI86: 0 | DJ86: 0 | DK86: 0 | DL86: 0 | DM86: 0 | DN86: 0 | DO86: 0 | DP86: 0 | DQ86: 0 | DR86: 0 | DS86: 0 | DT86: 0 | DU86: 0 | DV86: 0 | DW86: 0 | DX86: 0 | DY86: 0 | DZ86: 0 | EA86: 0 | EB86: 0 | EC86: 0 | ED86: 0 | EE86: 0 | EF86: 0 | EG86: 0 | EH86: 0 | EI86: 0 | EJ86: 0 | EK86: 0 | EL86: 0 | EM86: 0 | EN86: 0 | EO86: 0 | EP86: 0 | EQ86: 0 | ER86: 0 | ES86: 0 | ET86: 0 | EU86: 0 | EV86: 0 | EW86: 0 | EX86: 0 | EY86: 0 | EZ86: 0 | FA86: 0 | FB86: 0 | FC86: 0 | FD86: 0 | FE86: 0 | FF86: 0 | FG86: 0 | FH86: 0 | FI86: 0 | FJ86: 0 | FK86: 0 | FL86: 0 | FM86: 0 | FN86: 0 | FO86: 0 | FP86: 0 | FQ86: 0 | FR86: 0 | FS86: 0 | FT86: 0 | FU86: 0 | FV86: 0 | FW86: 0 | FX86: 0 | FY86: 0 | FZ86: 0 | GA86: 0 | GB86: 0 | GC86: 0 | GD86: 0 | GE86: 0 | GF86: 0 | GG86: 0 | GH86: 0 | GI86: 0 | GJ86: 0 | GK86: 0 | GL86: 0 | GM86: 0 | GN86: 0 | GO86: 0 | GP86: 0 | GQ86: 0 | GR86: 0 | GS86: 0 | GT86: 0 | GU86: 0 | GV86: 0 | GW86: 0 | GX86: 0 | GY86: 0 | GZ86: 0 | HA86: 0 | HB86: 0 | HC86: 0 | HD86: 0 | HE86: 0 | HF86: 0 | HG86: 0 | HH86: 0 | HI86: 0 | HJ86: 0 | HK86: 0 | HL86: 0 | HM86: 0 | HN86: 0 | HO86: 0 | HP86: 0 | HQ86: 0 | HR86: 0 | HS86: 0 | HT86: 0 | HU86: 0 | HV86: 0 | HW86: 0 | HX86: 0 | HY86: 0 | HZ86: 0 | IA86: 0 | IB86: 0 | IC86: 0 | ID86: 0 | IE86: 0 | IF86: 0 | IG86: 0 | IH86: 0 | II86: 0 | IJ86: 0 | IK86: 0 | IL86: 0 | IM86: 0 | IN86: 0 | IO86: 0 | IP86: 0 | IQ86: 0 | IR86: 0 | IS86: 0 | IT86: 0 | IU86: 0 | IV86: 0 | IW86: 0 | IX86: 0 | IY86: 0 | IZ86: 0 | JA86: 0 | JB86: 0 | JC86: 0 | JD86: 0 | JE86: 0 | JF86: 0 | JG86: 0 | JH86: 0 | JI86: 0 | JJ86: 0 | JK86: 0 | JL86: 0 | JM86: 0 | JN86: 0 | JO86: 0 | JP86: 0 | JQ86: 0 | JR86: 0 | JS86: 0 | JT86: 0 | JU86: 0 | JV86: 0 | JW86: 0 | JX86: 0 | JY86: 0 | JZ86: 0 | KA86: 0 | KB86: 0 | KC86: 0 | KD86: 0 | KE86: 0 | KF86: 0 | KG86: 0 | KH86: 0 | KI86: 0 | KJ86: 0 | KK86: 0 | KL86: 0 | KM86: 0 | KN86: 0 | KO86: 0 | KP86: 0 | KQ86: 0 | KR86: 0 | KS86: 0 | KT86: 0 | KU86: 0 | KV86: 0 | KW86: 0 | KX86: 0 | KY86: 0 | KZ86: 0 | LA86: 0 | LB86: 0 | LC86: 0 | LD86: 0 | LE86: 0 | LF86: 0 | LG86: 0 | LH86: 0 | LI86: 0 | LJ86: 0 | LK86: 0 | LL86: 0 | LM86: 0 | LN86: 0 | LO86: 0 | LP86: 0 | LQ86: 0 | LR86: 0 | LS86: 0 | LT86: 0 | LU86: 0 | LV86: 0 | LW86: 0 | LX86: 0 | LY86: 0 | LZ86: 0 | MA86: 0 | MB86: 0 | MC86: 0 | MD86: 0 | ME86: 0
G87: 실행 | S87: 1 | T87: 1
F88: ACS Mapping 및 Interferrometer 자동화 | G88: 계획 | H88: =IFERROR(MIN(SUM(I89:AB89)/SUM(I88:AB88), 1), 0) -> 1 | U88: 1 | V88: 1 | W88: 1 | X88: 1 | AC88: 0 | AD88: 0 | AE88: 0 | AF88: 0 | AG88: 0 | AH88: 0 | AI88: 0 | AJ88: 0 | AK88: 0 | AL88: 0 | AM88: 0 | AN88: 0 | AO88: 0 | AP88: 0 | AQ88: 0 | AR88: 0 | AS88: 0 | AT88: 0 | AU88: 0 | AV88: 0 | AW88: 0 | AX88: 0 | AY88: 0 | AZ88: 0 | BA88: 0 | BB88: 0 | BC88: 0 | BD88: 0 | BE88: 0 | BF88: 0 | BG88: 0 | BH88: 0 | BI88: 0 | BJ88: 0 | BK88: 0 | BL88: 0 | BM88: 0 | BN88: 0 | BO88: 0 | BP88: 0 | BQ88: 0 | BR88: 0 | BS88: 0 | BT88: 0 | BU88: 0 | BV88: 0 | BW88: 0 | BX88: 0 | BY88: 0 | BZ88: 0 | CA88: 0 | CB88: 0 | CC88: 0 | CD88: 0 | CE88: 0 | CF88: 0 | CG88: 0 | CH88: 0 | CI88: 0 | CJ88: 0 | CK88: 0 | CL88: 0 | CM88: 0 | CN88: 0 | CO88: 0 | CP88: 0 | CQ88: 0 | CR88: 0 | CS88: 0 | CT88: 0 | CU88: 0 | CV88: 0 | CW88: 0 | CX88: 0 | CY88: 0 | CZ88: 0 | DA88: 0 | DB88: 0 | DC88: 0 | DD88: 0 | DE88: 0 | DF88: 0 | DG88: 0 | DH88: 0 | DI88: 0 | DJ88: 0 | DK88: 0 | DL88: 0 | DM88: 0 | DN88: 0 | DO88: 0 | DP88: 0 | DQ88: 0 | DR88: 0 | DS88: 0 | DT88: 0 | DU88: 0 | DV88: 0 | DW88: 0 | DX88: 0 | DY88: 0 | DZ88: 0 | EA88: 0 | EB88: 0 | EC88: 0 | ED88: 0 | EE88: 0 | EF88: 0 | EG88: 0 | EH88: 0 | EI88: 0 | EJ88: 0 | EK88: 0 | EL88: 0 | EM88: 0 | EN88: 0 | EO88: 0 | EP88: 0 | EQ88: 0 | ER88: 0 | ES88: 0 | ET88: 0 | EU88: 0 | EV88: 0 | EW88: 0 | EX88: 0 | EY88: 0 | EZ88: 0 | FA88: 0 | FB88: 0 | FC88: 0 | FD88: 0 | FE88: 0 | FF88: 0 | FG88: 0 | FH88: 0 | FI88: 0 | FJ88: 0 | FK88: 0 | FL88: 0 | FM88: 0 | FN88: 0 | FO88: 0 | FP88: 0 | FQ88: 0 | FR88: 0 | FS88: 0 | FT88: 0 | FU88: 0 | FV88: 0 | FW88: 0 | FX88: 0 | FY88: 0 | FZ88: 0 | GA88: 0 | GB88: 0 | GC88: 0 | GD88: 0 | GE88: 0 | GF88: 0 | GG88: 0 | GH88: 0 | GI88: 0 | GJ88: 0 | GK88: 0 | GL88: 0 | GM88: 0 | GN88: 0 | GO88: 0 | GP88: 0 | GQ88: 0 | GR88: 0 | GS88: 0 | GT88: 0 | GU88: 0 | GV88: 0 | GW88: 0 | GX88: 0 | GY88: 0 | GZ88: 0 | HA88: 0 | HB88: 0 | HC88: 0 | HD88: 0 | HE88: 0 | HF88: 0 | HG88: 0 | HH88: 0 | HI88: 0 | HJ88: 0 | HK88: 0 | HL88: 0 | HM88: 0 | HN88: 0 | HO88: 0 | HP88: 0 | HQ88: 0 | HR88: 0 | HS88: 0 | HT88: 0 | HU88: 0 | HV88: 0 | HW88: 0 | HX88: 0 | HY88: 0 | HZ88: 0 | IA88: 0 | IB88: 0 | IC88: 0 | ID88: 0 | IE88: 0 | IF88: 0 | IG88: 0 | IH88: 0 | II88: 0 | IJ88: 0 | IK88: 0 | IL88: 0 | IM88: 0 | IN88: 0 | IO88: 0 | IP88: 0 | IQ88: 0 | IR88: 0 | IS88: 0 | IT88: 0 | IU88: 0 | IV88: 0 | IW88: 0 | IX88: 0 | IY88: 0 | IZ88: 0 | JA88: 0 | JB88: 0 | JC88: 0 | JD88: 0 | JE88: 0 | JF88: 0 | JG88: 0 | JH88: 0 | JI88: 0 | JJ88: 0 | JK88: 0 | JL88: 0 | JM88: 0 | JN88: 0 | JO88: 0 | JP88: 0 | JQ88: 0 | JR88: 0 | JS88: 0 | JT88: 0 | JU88: 0 | JV88: 0 | JW88: 0 | JX88: 0 | JY88: 0 | JZ88: 0 | KA88: 0 | KB88: 0 | KC88: 0 | KD88: 0 | KE88: 0 | KF88: 0 | KG88: 0 | KH88: 0 | KI88: 0 | KJ88: 0 | KK88: 0 | KL88: 0 | KM88: 0 | KN88: 0 | KO88: 0 | KP88: 0 | KQ88: 0 | KR88: 0 | KS88: 0 | KT88: 0 | KU88: 0 | KV88: 0 | KW88: 0 | KX88: 0 | KY88: 0 | KZ88: 0 | LA88: 0 | LB88: 0 | LC88: 0 | LD88: 0 | LE88: 0 | LF88: 0 | LG88: 0 | LH88: 0 | LI88: 0 | LJ88: 0 | LK88: 0 | LL88: 0 | LM88: 0 | LN88: 0 | LO88: 0 | LP88: 0 | LQ88: 0 | LR88: 0 | LS88: 0 | LT88: 0 | LU88: 0 | LV88: 0 | LW88: 0 | LX88: 0 | LY88: 0 | LZ88: 0 | MA88: 0 | MB88: 0 | MC88: 0 | MD88: 0 | ME88: 0
G89: 실행 | U89: 1 | V89: 1 | W89: 1 | X89: 1
D90: Simulation Test | F90: Funtion 기능 및 Dryrun | G90: 계획 | H90: =IFERROR(MIN(SUM(I91:AB91)/SUM(I90:AB90), 1), 0) -> 0.75 | U90: 1 | V90: 1 | W90: 1 | X90: 1 | Y90: 1 | Z90: 1 | AA90: 1 | AB90: 1 | AC90: 0 | AD90: 0 | AE90: 0 | AF90: 0 | AG90: 0 | AH90: 0 | AI90: 0 | AJ90: 0 | AK90: 0 | AL90: 0 | AM90: 0 | AN90: 0 | AO90: 0 | AP90: 0 | AQ90: 0 | AR90: 0 | AS90: 0 | AT90: 0 | AU90: 0 | AV90: 0 | AW90: 0 | AX90: 0 | AY90: 0 | AZ90: 0 | BA90: 0 | BB90: 0 | BC90: 0 | BD90: 0 | BE90: 0 | BF90: 0 | BG90: 0 | BH90: 0 | BI90: 0 | BJ90: 0 | BK90: 0 | BL90: 0 | BM90: 0 | BN90: 0 | BO90: 0 | BP90: 0 | BQ90: 0 | BR90: 0 | BS90: 0 | BT90: 0 | BU90: 0 | BV90: 0 | BW90: 0 | BX90: 0 | BY90: 0 | BZ90: 0 | CA90: 0 | CB90: 0 | CC90: 0 | CD90: 0 | CE90: 0 | CF90: 0 | CG90: 0 | CH90: 0 | CI90: 0 | CJ90: 0 | CK90: 0 | CL90: 0 | CM90: 0 | CN90: 0 | CO90: 0 | CP90: 0 | CQ90: 0 | CR90: 0 | CS90: 0 | CT90: 0 | CU90: 0 | CV90: 0 | CW90: 0 | CX90: 0 | CY90: 0 | CZ90: 0 | DA90: 0 | DB90: 0 | DC90: 0 | DD90: 0 | DE90: 0 | DF90: 0 | DG90: 0 | DH90: 0 | DI90: 0 | DJ90: 0 | DK90: 0 | DL90: 0 | DM90: 0 | DN90: 0 | DO90: 0 | DP90: 0 | DQ90: 0 | DR90: 0 | DS90: 0 | DT90: 0 | DU90: 0 | DV90: 0 | DW90: 0 | DX90: 0 | DY90: 0 | DZ90: 0 | EA90: 0 | EB90: 0 | EC90: 0 | ED90: 0 | EE90: 0 | EF90: 0 | EG90: 0 | EH90: 0 | EI90: 0 | EJ90: 0 | EK90: 0 | EL90: 0 | EM90: 0 | EN90: 0 | EO90: 0 | EP90: 0 | EQ90: 0 | ER90: 0 | ES90: 0 | ET90: 0 | EU90: 0 | EV90: 0 | EW90: 0 | EX90: 0 | EY90: 0 | EZ90: 0 | FA90: 0 | FB90: 0 | FC90: 0 | FD90: 0 | FE90: 0 | FF90: 0 | FG90: 0 | FH90: 0 | FI90: 0 | FJ90: 0 | FK90: 0 | FL90: 0 | FM90: 0 | FN90: 0 | FO90: 0 | FP90: 0 | FQ90: 0 | FR90: 0 | FS90: 0 | FT90: 0 | FU90: 0 | FV90: 0 | FW90: 0 | FX90: 0 | FY90: 0 | FZ90: 0 | GA90: 0 | GB90: 0 | GC90: 0 | GD90: 0 | GE90: 0 | GF90: 0 | GG90: 0 | GH90: 0 | GI90: 0 | GJ90: 0 | GK90: 0 | GL90: 0 | GM90: 0 | GN90: 0 | GO90: 0 | GP90: 0 | GQ90: 0 | GR90: 0 | GS90: 0 | GT90: 0 | GU90: 0 | GV90: 0 | GW90: 0 | GX90: 0 | GY90: 0 | GZ90: 0 | HA90: 0 | HB90: 0 | HC90: 0 | HD90: 0 | HE90: 0 | HF90: 0 | HG90: 0 | HH90: 0 | HI90: 0 | HJ90: 0 | HK90: 0 | HL90: 0 | HM90: 0 | HN90: 0 | HO90: 0 | HP90: 0 | HQ90: 0 | HR90: 0 | HS90: 0 | HT90: 0 | HU90: 0 | HV90: 0 | HW90: 0 | HX90: 0 | HY90: 0 | HZ90: 0 | IA90: 0 | IB90: 0 | IC90: 0 | ID90: 0 | IE90: 0 | IF90: 0 | IG90: 0 | IH90: 0 | II90: 0 | IJ90: 0 | IK90: 0 | IL90: 0 | IM90: 0 | IN90: 0 | IO90: 0 | IP90: 0 | IQ90: 0 | IR90: 0 | IS90: 0 | IT90: 0 | IU90: 0 | IV90: 0 | IW90: 0 | IX90: 0 | IY90: 0 | IZ90: 0 | JA90: 0 | JB90: 0 | JC90: 0 | JD90: 0 | JE90: 0 | JF90: 0 | JG90: 0 | JH90: 0 | JI90: 0 | JJ90: 0 | JK90: 0 | JL90: 0 | JM90: 0 | JN90: 0 | JO90: 0 | JP90: 0 | JQ90: 0 | JR90: 0 | JS90: 0 | JT90: 0 | JU90: 0 | JV90: 0 | JW90: 0 | JX90: 0 | JY90: 0 | JZ90: 0 | KA90: 0 | KB90: 0 | KC90: 0 | KD90: 0 | KE90: 0 | KF90: 0 | KG90: 0 | KH90: 0 | KI90: 0 | KJ90: 0 | KK90: 0 | KL90: 0 | KM90: 0 | KN90: 0 | KO90: 0 | KP90: 0 | KQ90: 0 | KR90: 0 | KS90: 0 | KT90: 0 | KU90: 0 | KV90: 0 | KW90: 0 | KX90: 0 | KY90: 0 | KZ90: 0 | LA90: 0 | LB90: 0 | LC90: 0 | LD90: 0 | LE90: 0 | LF90: 0 | LG90: 0 | LH90: 0 | LI90: 0 | LJ90: 0 | LK90: 0 | LL90: 0 | LM90: 0 | LN90: 0 | LO90: 0 | LP90: 0 | LQ90: 0 | LR90: 0 | LS90: 0 | LT90: 0 | LU90: 0 | LV90: 0 | LW90: 0 | LX90: 0 | LY90: 0 | LZ90: 0 | MA90: 0 | MB90: 0 | MC90: 0 | MD90: 0 | ME90: 0
G91: 실행 | U91: 1 | V91: 1 | W91: 1 | X91: 1 | Y91: 1 | Z91: 1
D92: Manual Operation | F92: Manual 동작(각 축별, IO 동작) | G92: 계획 | H92: =IFERROR(MIN(SUM(I93:AB93)/SUM(I92:AB92), 1), 0) -> 0.75 | Q92: 1 | R92: 1 | S92: 1 | T92: 1 | AC92: 0 | AD92: 0 | AE92: 0 | AF92: 0 | AG92: 0 | AH92: 0 | AI92: 0 | AJ92: 0 | AK92: 0 | AL92: 0 | AM92: 0 | AN92: 0 | AO92: 0 | AP92: 0 | AQ92: 0 | AR92: 0 | AS92: 0 | AT92: 0 | AU92: 0 | AV92: 0 | AW92: 0 | AX92: 0 | AY92: 0 | AZ92: 0 | BA92: 0 | BB92: 0 | BC92: 0 | BD92: 0 | BE92: 0 | BF92: 0 | BG92: 0 | BH92: 0 | BI92: 0 | BJ92: 0 | BK92: 0 | BL92: 0 | BM92: 0 | BN92: 0 | BO92: 0 | BP92: 0 | BQ92: 0 | BR92: 0 | BS92: 0 | BT92: 0 | BU92: 0 | BV92: 0 | BW92: 0 | BX92: 0 | BY92: 0 | BZ92: 0 | CA92: 0 | CB92: 0 | CC92: 0 | CD92: 0 | CE92: 0 | CF92: 0 | CG92: 0 | CH92: 0 | CI92: 0 | CJ92: 0 | CK92: 0 | CL92: 0 | CM92: 0 | CN92: 0 | CO92: 0 | CP92: 0 | CQ92: 0 | CR92: 0 | CS92: 0 | CT92: 0 | CU92: 0 | CV92: 0 | CW92: 0 | CX92: 0 | CY92: 0 | CZ92: 0 | DA92: 0 | DB92: 0 | DC92: 0 | DD92: 0 | DE92: 0 | DF92: 0 | DG92: 0 | DH92: 0 | DI92: 0 | DJ92: 0 | DK92: 0 | DL92: 0 | DM92: 0 | DN92: 0 | DO92: 0 | DP92: 0 | DQ92: 0 | DR92: 0 | DS92: 0 | DT92: 0 | DU92: 0 | DV92: 0 | DW92: 0 | DX92: 0 | DY92: 0 | DZ92: 0 | EA92: 0 | EB92: 0 | EC92: 0 | ED92: 0 | EE92: 0 | EF92: 0 | EG92: 0 | EH92: 0 | EI92: 0 | EJ92: 0 | EK92: 0 | EL92: 0 | EM92: 0 | EN92: 0 | EO92: 0 | EP92: 0 | EQ92: 0 | ER92: 0 | ES92: 0 | ET92: 0 | EU92: 0 | EV92: 0 | EW92: 0 | EX92: 0 | EY92: 0 | EZ92: 0 | FA92: 0 | FB92: 0 | FC92: 0 | FD92: 0 | FE92: 0 | FF92: 0 | FG92: 0 | FH92: 0 | FI92: 0 | FJ92: 0 | FK92: 0 | FL92: 0 | FM92: 0 | FN92: 0 | FO92: 0 | FP92: 0 | FQ92: 0 | FR92: 0 | FS92: 0 | FT92: 0 | FU92: 0 | FV92: 0 | FW92: 0 | FX92: 0 | FY92: 0 | FZ92: 0 | GA92: 0 | GB92: 0 | GC92: 0 | GD92: 0 | GE92: 0 | GF92: 0 | GG92: 0 | GH92: 0 | GI92: 0 | GJ92: 0 | GK92: 0 | GL92: 0 | GM92: 0 | GN92: 0 | GO92: 0 | GP92: 0 | GQ92: 0 | GR92: 0 | GS92: 0 | GT92: 0 | GU92: 0 | GV92: 0 | GW92: 0 | GX92: 0 | GY92: 0 | GZ92: 0 | HA92: 0 | HB92: 0 | HC92: 0 | HD92: 0 | HE92: 0 | HF92: 0 | HG92: 0 | HH92: 0 | HI92: 0 | HJ92: 0 | HK92: 0 | HL92: 0 | HM92: 0 | HN92: 0 | HO92: 0 | HP92: 0 | HQ92: 0 | HR92: 0 | HS92: 0 | HT92: 0 | HU92: 0 | HV92: 0 | HW92: 0 | HX92: 0 | HY92: 0 | HZ92: 0 | IA92: 0 | IB92: 0 | IC92: 0 | ID92: 0 | IE92: 0 | IF92: 0 | IG92: 0 | IH92: 0 | II92: 0 | IJ92: 0 | IK92: 0 | IL92: 0 | IM92: 0 | IN92: 0 | IO92: 0 | IP92: 0 | IQ92: 0 | IR92: 0 | IS92: 0 | IT92: 0 | IU92: 0 | IV92: 0 | IW92: 0 | IX92: 0 | IY92: 0 | IZ92: 0 | JA92: 0 | JB92: 0 | JC92: 0 | JD92: 0 | JE92: 0 | JF92: 0 | JG92: 0 | JH92: 0 | JI92: 0 | JJ92: 0 | JK92: 0 | JL92: 0 | JM92: 0 | JN92: 0 | JO92: 0 | JP92: 0 | JQ92: 0 | JR92: 0 | JS92: 0 | JT92: 0 | JU92: 0 | JV92: 0 | JW92: 0 | JX92: 0 | JY92: 0 | JZ92: 0 | KA92: 0 | KB92: 0 | KC92: 0 | KD92: 0 | KE92: 0 | KF92: 0 | KG92: 0 | KH92: 0 | KI92: 0 | KJ92: 0 | KK92: 0 | KL92: 0 | KM92: 0 | KN92: 0 | KO92: 0 | KP92: 0 | KQ92: 0 | KR92: 0 | KS92: 0 | KT92: 0 | KU92: 0 | KV92: 0 | KW92: 0 | KX92: 0 | KY92: 0 | KZ92: 0 | LA92: 0 | LB92: 0 | LC92: 0 | LD92: 0 | LE92: 0 | LF92: 0 | LG92: 0 | LH92: 0 | LI92: 0 | LJ92: 0 | LK92: 0 | LL92: 0 | LM92: 0 | LN92: 0 | LO92: 0 | LP92: 0 | LQ92: 0 | LR92: 0 | LS92: 0 | LT92: 0 | LU92: 0 | LV92: 0 | LW92: 0 | LX92: 0 | LY92: 0 | LZ92: 0 | MA92: 0 | MB92: 0 | MC92: 0 | MD92: 0 | ME92: 0
G93: 실행 | Q93: 1 | R93: 1 | S93: 1
D94: Semi-Auto | F94: 단위 동작(Load, Chuck, Pin 등) | G94: 계획 | H94: =IFERROR(MIN(SUM(I95:AB95)/SUM(I94:AB94), 1), 0) -> 1 | Q94: 1 | R94: 1 | S94: 1 | T94: 1 | U94: 1 | V94: 1 | W94: 1 | X94: 1 | AC94: 0 | AD94: 0 | AE94: 0 | AF94: 0 | AG94: 0 | AH94: 0 | AI94: 0 | AJ94: 0 | AK94: 0 | AL94: 0 | AM94: 0 | AN94: 0 | AO94: 0 | AP94: 0 | AQ94: 0 | AR94: 0 | AS94: 0 | AT94: 0 | AU94: 0 | AV94: 0 | AW94: 0 | AX94: 0 | AY94: 0 | AZ94: 0 | BA94: 0 | BB94: 0 | BC94: 0 | BD94: 0 | BE94: 0 | BF94: 0 | BG94: 0 | BH94: 0 | BI94: 0 | BJ94: 0 | BK94: 0 | BL94: 0 | BM94: 0 | BN94: 0 | BO94: 0 | BP94: 0 | BQ94: 0 | BR94: 0 | BS94: 0 | BT94: 0 | BU94: 0 | BV94: 0 | BW94: 0 | BX94: 0 | BY94: 0 | BZ94: 0 | CA94: 0 | CB94: 0 | CC94: 0 | CD94: 0 | CE94: 0 | CF94: 0 | CG94: 0 | CH94: 0 | CI94: 0 | CJ94: 0 | CK94: 0 | CL94: 0 | CM94: 0 | CN94: 0 | CO94: 0 | CP94: 0 | CQ94: 0 | CR94: 0 | CS94: 0 | CT94: 0 | CU94: 0 | CV94: 0 | CW94: 0 | CX94: 0 | CY94: 0 | CZ94: 0 | DA94: 0 | DB94: 0 | DC94: 0 | DD94: 0 | DE94: 0 | DF94: 0 | DG94: 0 | DH94: 0 | DI94: 0 | DJ94: 0 | DK94: 0 | DL94: 0 | DM94: 0 | DN94: 0 | DO94: 0 | DP94: 0 | DQ94: 0 | DR94: 0 | DS94: 0 | DT94: 0 | DU94: 0 | DV94: 0 | DW94: 0 | DX94: 0 | DY94: 0 | DZ94: 0 | EA94: 0 | EB94: 0 | EC94: 0 | ED94: 0 | EE94: 0 | EF94: 0 | EG94: 0 | EH94: 0 | EI94: 0 | EJ94: 0 | EK94: 0 | EL94: 0 | EM94: 0 | EN94: 0 | EO94: 0 | EP94: 0 | EQ94: 0 | ER94: 0 | ES94: 0 | ET94: 0 | EU94: 0 | EV94: 0 | EW94: 0 | EX94: 0 | EY94: 0 | EZ94: 0 | FA94: 0 | FB94: 0 | FC94: 0 | FD94: 0 | FE94: 0 | FF94: 0 | FG94: 0 | FH94: 0 | FI94: 0 | FJ94: 0 | FK94: 0 | FL94: 0 | FM94: 0 | FN94: 0 | FO94: 0 | FP94: 0 | FQ94: 0 | FR94: 0 | FS94: 0 | FT94: 0 | FU94: 0 | FV94: 0 | FW94: 0 | FX94: 0 | FY94: 0 | FZ94: 0 | GA94: 0 | GB94: 0 | GC94: 0 | GD94: 0 | GE94: 0 | GF94: 0 | GG94: 0 | GH94: 0 | GI94: 0 | GJ94: 0 | GK94: 0 | GL94: 0 | GM94: 0 | GN94: 0 | GO94: 0 | GP94: 0 | GQ94: 0 | GR94: 0 | GS94: 0 | GT94: 0 | GU94: 0 | GV94: 0 | GW94: 0 | GX94: 0 | GY94: 0 | GZ94: 0 | HA94: 0 | HB94: 0 | HC94: 0 | HD94: 0 | HE94: 0 | HF94: 0 | HG94: 0 | HH94: 0 | HI94: 0 | HJ94: 0 | HK94: 0 | HL94: 0 | HM94: 0 | HN94: 0 | HO94: 0 | HP94: 0 | HQ94: 0 | HR94: 0 | HS94: 0 | HT94: 0 | HU94: 0 | HV94: 0 | HW94: 0 | HX94: 0 | HY94: 0 | HZ94: 0 | IA94: 0 | IB94: 0 | IC94: 0 | ID94: 0 | IE94: 0 | IF94: 0 | IG94: 0 | IH94: 0 | II94: 0 | IJ94: 0 | IK94: 0 | IL94: 0 | IM94: 0 | IN94: 0 | IO94: 0 | IP94: 0 | IQ94: 0 | IR94: 0 | IS94: 0 | IT94: 0 | IU94: 0 | IV94: 0 | IW94: 0 | IX94: 0 | IY94: 0 | IZ94: 0 | JA94: 0 | JB94: 0 | JC94: 0 | JD94: 0 | JE94: 0 | JF94: 0 | JG94: 0 | JH94: 0 | JI94: 0 | JJ94: 0 | JK94: 0 | JL94: 0 | JM94: 0 | JN94: 0 | JO94: 0 | JP94: 0 | JQ94: 0 | JR94: 0 | JS94: 0 | JT94: 0 | JU94: 0 | JV94: 0 | JW94: 0 | JX94: 0 | JY94: 0 | JZ94: 0 | KA94: 0 | KB94: 0 | KC94: 0 | KD94: 0 | KE94: 0 | KF94: 0 | KG94: 0 | KH94: 0 | KI94: 0 | KJ94: 0 | KK94: 0 | KL94: 0 | KM94: 0 | KN94: 0 | KO94: 0 | KP94: 0 | KQ94: 0 | KR94: 0 | KS94: 0 | KT94: 0 | KU94: 0 | KV94: 0 | KW94: 0 | KX94: 0 | KY94: 0 | KZ94: 0 | LA94: 0 | LB94: 0 | LC94: 0 | LD94: 0 | LE94: 0 | LF94: 0 | LG94: 0 | LH94: 0 | LI94: 0 | LJ94: 0 | LK94: 0 | LL94: 0 | LM94: 0 | LN94: 0 | LO94: 0 | LP94: 0 | LQ94: 0 | LR94: 0 | LS94: 0 | LT94: 0 | LU94: 0 | LV94: 0 | LW94: 0 | LX94: 0 | LY94: 0 | LZ94: 0 | MA94: 0 | MB94: 0 | MC94: 0 | MD94: 0 | ME94: 0
G95: 실행 | Q95: 1 | R95: 1 | S95: 1 | T95: 1 | U95: 1 | V95: 1 | W95: 1 | X95: 1
D96: Auto | F96: Auto Run Sequence | G96: 계획 | H96: =IFERROR(MIN(SUM(I97:AB97)/SUM(I96:AB96), 1), 0) -> 0.66666667 | W96: 1 | X96: 1 | Y96: 1 | Z96: 1 | AA96: 1 | AB96: 1 | AC96: 0 | AD96: 0 | AE96: 0 | AF96: 0 | AG96: 0 | AH96: 0 | AI96: 0 | AJ96: 0 | AK96: 0 | AL96: 0 | AM96: 0 | AN96: 0 | AO96: 0 | AP96: 0 | AQ96: 0 | AR96: 0 | AS96: 0 | AT96: 0 | AU96: 0 | AV96: 0 | AW96: 0 | AX96: 0 | AY96: 0 | AZ96: 0 | BA96: 0 | BB96: 0 | BC96: 0 | BD96: 0 | BE96: 0 | BF96: 0 | BG96: 0 | BH96: 0 | BI96: 0 | BJ96: 0 | BK96: 0 | BL96: 0 | BM96: 0 | BN96: 0 | BO96: 0 | BP96: 0 | BQ96: 0 | BR96: 0 | BS96: 0 | BT96: 0 | BU96: 0 | BV96: 0 | BW96: 0 | BX96: 0 | BY96: 0 | BZ96: 0 | CA96: 0 | CB96: 0 | CC96: 0 | CD96: 0 | CE96: 0 | CF96: 0 | CG96: 0 | CH96: 0 | CI96: 0 | CJ96: 0 | CK96: 0 | CL96: 0 | CM96: 0 | CN96: 0 | CO96: 0 | CP96: 0 | CQ96: 0 | CR96: 0 | CS96: 0 | CT96: 0 | CU96: 0 | CV96: 0 | CW96: 0 | CX96: 0 | CY96: 0 | CZ96: 0 | DA96: 0 | DB96: 0 | DC96: 0 | DD96: 0 | DE96: 0 | DF96: 0 | DG96: 0 | DH96: 0 | DI96: 0 | DJ96: 0 | DK96: 0 | DL96: 0 | DM96: 0 | DN96: 0 | DO96: 0 | DP96: 0 | DQ96: 0 | DR96: 0 | DS96: 0 | DT96: 0 | DU96: 0 | DV96: 0 | DW96: 0 | DX96: 0 | DY96: 0 | DZ96: 0 | EA96: 0 | EB96: 0 | EC96: 0 | ED96: 0 | EE96: 0 | EF96: 0 | EG96: 0 | EH96: 0 | EI96: 0 | EJ96: 0 | EK96: 0 | EL96: 0 | EM96: 0 | EN96: 0 | EO96: 0 | EP96: 0 | EQ96: 0 | ER96: 0 | ES96: 0 | ET96: 0 | EU96: 0 | EV96: 0 | EW96: 0 | EX96: 0 | EY96: 0 | EZ96: 0 | FA96: 0 | FB96: 0 | FC96: 0 | FD96: 0 | FE96: 0 | FF96: 0 | FG96: 0 | FH96: 0 | FI96: 0 | FJ96: 0 | FK96: 0 | FL96: 0 | FM96: 0 | FN96: 0 | FO96: 0 | FP96: 0 | FQ96: 0 | FR96: 0 | FS96: 0 | FT96: 0 | FU96: 0 | FV96: 0 | FW96: 0 | FX96: 0 | FY96: 0 | FZ96: 0 | GA96: 0 | GB96: 0 | GC96: 0 | GD96: 0 | GE96: 0 | GF96: 0 | GG96: 0 | GH96: 0 | GI96: 0 | GJ96: 0 | GK96: 0 | GL96: 0 | GM96: 0 | GN96: 0 | GO96: 0 | GP96: 0 | GQ96: 0 | GR96: 0 | GS96: 0 | GT96: 0 | GU96: 0 | GV96: 0 | GW96: 0 | GX96: 0 | GY96: 0 | GZ96: 0 | HA96: 0 | HB96: 0 | HC96: 0 | HD96: 0 | HE96: 0 | HF96: 0 | HG96: 0 | HH96: 0 | HI96: 0 | HJ96: 0 | HK96: 0 | HL96: 0 | HM96: 0 | HN96: 0 | HO96: 0 | HP96: 0 | HQ96: 0 | HR96: 0 | HS96: 0 | HT96: 0 | HU96: 0 | HV96: 0 | HW96: 0 | HX96: 0 | HY96: 0 | HZ96: 0 | IA96: 0 | IB96: 0 | IC96: 0 | ID96: 0 | IE96: 0 | IF96: 0 | IG96: 0 | IH96: 0 | II96: 0 | IJ96: 0 | IK96: 0 | IL96: 0 | IM96: 0 | IN96: 0 | IO96: 0 | IP96: 0 | IQ96: 0 | IR96: 0 | IS96: 0 | IT96: 0 | IU96: 0 | IV96: 0 | IW96: 0 | IX96: 0 | IY96: 0 | IZ96: 0 | JA96: 0 | JB96: 0 | JC96: 0 | JD96: 0 | JE96: 0 | JF96: 0 | JG96: 0 | JH96: 0 | JI96: 0 | JJ96: 0 | JK96: 0 | JL96: 0 | JM96: 0 | JN96: 0 | JO96: 0 | JP96: 0 | JQ96: 0 | JR96: 0 | JS96: 0 | JT96: 0 | JU96: 0 | JV96: 0 | JW96: 0 | JX96: 0 | JY96: 0 | JZ96: 0 | KA96: 0 | KB96: 0 | KC96: 0 | KD96: 0 | KE96: 0 | KF96: 0 | KG96: 0 | KH96: 0 | KI96: 0 | KJ96: 0 | KK96: 0 | KL96: 0 | KM96: 0 | KN96: 0 | KO96: 0 | KP96: 0 | KQ96: 0 | KR96: 0 | KS96: 0 | KT96: 0 | KU96: 0 | KV96: 0 | KW96: 0 | KX96: 0 | KY96: 0 | KZ96: 0 | LA96: 0 | LB96: 0 | LC96: 0 | LD96: 0 | LE96: 0 | LF96: 0 | LG96: 0 | LH96: 0 | LI96: 0 | LJ96: 0 | LK96: 0 | LL96: 0 | LM96: 0 | LN96: 0 | LO96: 0 | LP96: 0 | LQ96: 0 | LR96: 0 | LS96: 0 | LT96: 0 | LU96: 0 | LV96: 0 | LW96: 0 | LX96: 0 | LY96: 0 | LZ96: 0 | MA96: 0 | MB96: 0 | MC96: 0 | MD96: 0 | ME96: 0
G97: 실행 | W97: 1 | X97: 1 | Y97: 1 | Z97: 1
D98: Interlock | F98: HW/SW Interlock | G98: 계획 | H98: =IFERROR(MIN(SUM(I99:AB99)/SUM(I98:AB98), 1), 0) -> 0.6 | M98: 1 | N98: 1 | O98: 1 | AA98: 1 | AB98: 1 | AC98: 0 | AD98: 0 | AE98: 0 | AF98: 0 | AG98: 0 | AH98: 0 | AI98: 0 | AJ98: 0 | AK98: 0 | AL98: 0 | AM98: 0 | AN98: 0 | AO98: 0 | AP98: 0 | AQ98: 0 | AR98: 0 | AS98: 0 | AT98: 0 | AU98: 0 | AV98: 0 | AW98: 0 | AX98: 0 | AY98: 0 | AZ98: 0 | BA98: 0 | BB98: 0 | BC98: 0 | BD98: 0 | BE98: 0 | BF98: 0 | BG98: 0 | BH98: 0 | BI98: 0 | BJ98: 0 | BK98: 0 | BL98: 0 | BM98: 0 | BN98: 0 | BO98: 0 | BP98: 0 | BQ98: 0 | BR98: 0 | BS98: 0 | BT98: 0 | BU98: 0 | BV98: 0 | BW98: 0 | BX98: 0 | BY98: 0 | BZ98: 0 | CA98: 0 | CB98: 0 | CC98: 0 | CD98: 0 | CE98: 0 | CF98: 0 | CG98: 0 | CH98: 0 | CI98: 0 | CJ98: 0 | CK98: 0 | CL98: 0 | CM98: 0 | CN98: 0 | CO98: 0 | CP98: 0 | CQ98: 0 | CR98: 0 | CS98: 0 | CT98: 0 | CU98: 0 | CV98: 0 | CW98: 0 | CX98: 0 | CY98: 0 | CZ98: 0 | DA98: 0 | DB98: 0 | DC98: 0 | DD98: 0 | DE98: 0 | DF98: 0 | DG98: 0 | DH98: 0 | DI98: 0 | DJ98: 0 | DK98: 0 | DL98: 0 | DM98: 0 | DN98: 0 | DO98: 0 | DP98: 0 | DQ98: 0 | DR98: 0 | DS98: 0 | DT98: 0 | DU98: 0 | DV98: 0 | DW98: 0 | DX98: 0 | DY98: 0 | DZ98: 0 | EA98: 0 | EB98: 0 | EC98: 0 | ED98: 0 | EE98: 0 | EF98: 0 | EG98: 0 | EH98: 0 | EI98: 0 | EJ98: 0 | EK98: 0 | EL98: 0 | EM98: 0 | EN98: 0 | EO98: 0 | EP98: 0 | EQ98: 0 | ER98: 0 | ES98: 0 | ET98: 0 | EU98: 0 | EV98: 0 | EW98: 0 | EX98: 0 | EY98: 0 | EZ98: 0 | FA98: 0 | FB98: 0 | FC98: 0 | FD98: 0 | FE98: 0 | FF98: 0 | FG98: 0 | FH98: 0 | FI98: 0 | FJ98: 0 | FK98: 0 | FL98: 0 | FM98: 0 | FN98: 0 | FO98: 0 | FP98: 0 | FQ98: 0 | FR98: 0 | FS98: 0 | FT98: 0 | FU98: 0 | FV98: 0 | FW98: 0 | FX98: 0 | FY98: 0 | FZ98: 0 | GA98: 0 | GB98: 0 | GC98: 0 | GD98: 0 | GE98: 0 | GF98: 0 | GG98: 0 | GH98: 0 | GI98: 0 | GJ98: 0 | GK98: 0 | GL98: 0 | GM98: 0 | GN98: 0 | GO98: 0 | GP98: 0 | GQ98: 0 | GR98: 0 | GS98: 0 | GT98: 0 | GU98: 0 | GV98: 0 | GW98: 0 | GX98: 0 | GY98: 0 | GZ98: 0 | HA98: 0 | HB98: 0 | HC98: 0 | HD98: 0 | HE98: 0 | HF98: 0 | HG98: 0 | HH98: 0 | HI98: 0 | HJ98: 0 | HK98: 0 | HL98: 0 | HM98: 0 | HN98: 0 | HO98: 0 | HP98: 0 | HQ98: 0 | HR98: 0 | HS98: 0 | HT98: 0 | HU98: 0 | HV98: 0 | HW98: 0 | HX98: 0 | HY98: 0 | HZ98: 0 | IA98: 0 | IB98: 0 | IC98: 0 | ID98: 0 | IE98: 0 | IF98: 0 | IG98: 0 | IH98: 0 | II98: 0 | IJ98: 0 | IK98: 0 | IL98: 0 | IM98: 0 | IN98: 0 | IO98: 0 | IP98: 0 | IQ98: 0 | IR98: 0 | IS98: 0 | IT98: 0 | IU98: 0 | IV98: 0 | IW98: 0 | IX98: 0 | IY98: 0 | IZ98: 0 | JA98: 0 | JB98: 0 | JC98: 0 | JD98: 0 | JE98: 0 | JF98: 0 | JG98: 0 | JH98: 0 | JI98: 0 | JJ98: 0 | JK98: 0 | JL98: 0 | JM98: 0 | JN98: 0 | JO98: 0 | JP98: 0 | JQ98: 0 | JR98: 0 | JS98: 0 | JT98: 0 | JU98: 0 | JV98: 0 | JW98: 0 | JX98: 0 | JY98: 0 | JZ98: 0 | KA98: 0 | KB98: 0 | KC98: 0 | KD98: 0 | KE98: 0 | KF98: 0 | KG98: 0 | KH98: 0 | KI98: 0 | KJ98: 0 | KK98: 0 | KL98: 0 | KM98: 0 | KN98: 0 | KO98: 0 | KP98: 0 | KQ98: 0 | KR98: 0 | KS98: 0 | KT98: 0 | KU98: 0 | KV98: 0 | KW98: 0 | KX98: 0 | KY98: 0 | KZ98: 0 | LA98: 0 | LB98: 0 | LC98: 0 | LD98: 0 | LE98: 0 | LF98: 0 | LG98: 0 | LH98: 0 | LI98: 0 | LJ98: 0 | LK98: 0 | LL98: 0 | LM98: 0 | LN98: 0 | LO98: 0 | LP98: 0 | LQ98: 0 | LR98: 0 | LS98: 0 | LT98: 0 | LU98: 0 | LV98: 0 | LW98: 0 | LX98: 0 | LY98: 0 | LZ98: 0 | MA98: 0 | MB98: 0 | MC98: 0 | MD98: 0 | ME98: 0
G99: 실행 | M99: 1 | N99: 1 | O99: 1
D100: Alarm | F100: Warning Alarm | G100: 계획 | H100: =IFERROR(MIN(SUM(I101:AB101)/SUM(I100:AB100), 1), 0) -> 0.6 | P100: 1 | Q100: 1 | R100: 1 | AA100: 1 | AB100: 1 | AC100: 0 | AD100: 0 | AE100: 0 | AF100: 0 | AG100: 0 | AH100: 0 | AI100: 0 | AJ100: 0 | AK100: 0 | AL100: 0 | AM100: 0 | AN100: 0 | AO100: 0 | AP100: 0 | AQ100: 0 | AR100: 0 | AS100: 0 | AT100: 0 | AU100: 0 | AV100: 0 | AW100: 0 | AX100: 0 | AY100: 0 | AZ100: 0 | BA100: 0 | BB100: 0 | BC100: 0 | BD100: 0 | BE100: 0 | BF100: 0 | BG100: 0 | BH100: 0 | BI100: 0 | BJ100: 0 | BK100: 0 | BL100: 0 | BM100: 0 | BN100: 0 | BO100: 0 | BP100: 0 | BQ100: 0 | BR100: 0 | BS100: 0 | BT100: 0 | BU100: 0 | BV100: 0 | BW100: 0 | BX100: 0 | BY100: 0 | BZ100: 0 | CA100: 0 | CB100: 0 | CC100: 0 | CD100: 0 | CE100: 0 | CF100: 0 | CG100: 0 | CH100: 0 | CI100: 0 | CJ100: 0 | CK100: 0 | CL100: 0 | CM100: 0 | CN100: 0 | CO100: 0 | CP100: 0 | CQ100: 0 | CR100: 0 | CS100: 0 | CT100: 0 | CU100: 0 | CV100: 0 | CW100: 0 | CX100: 0 | CY100: 0 | CZ100: 0 | DA100: 0 | DB100: 0 | DC100: 0 | DD100: 0 | DE100: 0 | DF100: 0 | DG100: 0 | DH100: 0 | DI100: 0 | DJ100: 0 | DK100: 0 | DL100: 0 | DM100: 0 | DN100: 0 | DO100: 0 | DP100: 0 | DQ100: 0 | DR100: 0 | DS100: 0 | DT100: 0 | DU100: 0 | DV100: 0 | DW100: 0 | DX100: 0 | DY100: 0 | DZ100: 0 | EA100: 0 | EB100: 0 | EC100: 0 | ED100: 0 | EE100: 0 | EF100: 0 | EG100: 0 | EH100: 0 | EI100: 0 | EJ100: 0 | EK100: 0 | EL100: 0 | EM100: 0 | EN100: 0 | EO100: 0 | EP100: 0 | EQ100: 0 | ER100: 0 | ES100: 0 | ET100: 0 | EU100: 0 | EV100: 0 | EW100: 0 | EX100: 0 | EY100: 0 | EZ100: 0 | FA100: 0 | FB100: 0 | FC100: 0 | FD100: 0 | FE100: 0 | FF100: 0 | FG100: 0 | FH100: 0 | FI100: 0 | FJ100: 0 | FK100: 0 | FL100: 0 | FM100: 0 | FN100: 0 | FO100: 0 | FP100: 0 | FQ100: 0 | FR100: 0 | FS100: 0 | FT100: 0 | FU100: 0 | FV100: 0 | FW100: 0 | FX100: 0 | FY100: 0 | FZ100: 0 | GA100: 0 | GB100: 0 | GC100: 0 | GD100: 0 | GE100: 0 | GF100: 0 | GG100: 0 | GH100: 0 | GI100: 0 | GJ100: 0 | GK100: 0 | GL100: 0 | GM100: 0 | GN100: 0 | GO100: 0 | GP100: 0 | GQ100: 0 | GR100: 0 | GS100: 0 | GT100: 0 | GU100: 0 | GV100: 0 | GW100: 0 | GX100: 0 | GY100: 0 | GZ100: 0 | HA100: 0 | HB100: 0 | HC100: 0 | HD100: 0 | HE100: 0 | HF100: 0 | HG100: 0 | HH100: 0 | HI100: 0 | HJ100: 0 | HK100: 0 | HL100: 0 | HM100: 0 | HN100: 0 | HO100: 0 | HP100: 0 | HQ100: 0 | HR100: 0 | HS100: 0 | HT100: 0 | HU100: 0 | HV100: 0 | HW100: 0 | HX100: 0 | HY100: 0 | HZ100: 0 | IA100: 0 | IB100: 0 | IC100: 0 | ID100: 0 | IE100: 0 | IF100: 0 | IG100: 0 | IH100: 0 | II100: 0 | IJ100: 0 | IK100: 0 | IL100: 0 | IM100: 0 | IN100: 0 | IO100: 0 | IP100: 0 | IQ100: 0 | IR100: 0 | IS100: 0 | IT100: 0 | IU100: 0 | IV100: 0 | IW100: 0 | IX100: 0 | IY100: 0 | IZ100: 0 | JA100: 0 | JB100: 0 | JC100: 0 | JD100: 0 | JE100: 0 | JF100: 0 | JG100: 0 | JH100: 0 | JI100: 0 | JJ100: 0 | JK100: 0 | JL100: 0 | JM100: 0 | JN100: 0 | JO100: 0 | JP100: 0 | JQ100: 0 | JR100: 0 | JS100: 0 | JT100: 0 | JU100: 0 | JV100: 0 | JW100: 0 | JX100: 0 | JY100: 0 | JZ100: 0 | KA100: 0 | KB100: 0 | KC100: 0 | KD100: 0 | KE100: 0 | KF100: 0 | KG100: 0 | KH100: 0 | KI100: 0 | KJ100: 0 | KK100: 0 | KL100: 0 | KM100: 0 | KN100: 0 | KO100: 0 | KP100: 0 | KQ100: 0 | KR100: 0 | KS100: 0 | KT100: 0 | KU100: 0 | KV100: 0 | KW100: 0 | KX100: 0 | KY100: 0 | KZ100: 0 | LA100: 0 | LB100: 0 | LC100: 0 | LD100: 0 | LE100: 0 | LF100: 0 | LG100: 0 | LH100: 0 | LI100: 0 | LJ100: 0 | LK100: 0 | LL100: 0 | LM100: 0 | LN100: 0 | LO100: 0 | LP100: 0 | LQ100: 0 | LR100: 0 | LS100: 0 | LT100: 0 | LU100: 0 | LV100: 0 | LW100: 0 | LX100: 0 | LY100: 0 | LZ100: 0 | MA100: 0 | MB100: 0 | MC100: 0 | MD100: 0 | ME100: 0
G101: 실행 | P101: 1 | Q101: 1 | R101: 1
C103: VISION | D103: 공통 - 사양협의 | F103: 설비 운용 컨셉 확인 | G103: 계획 | H103: =IFERROR(MIN(SUM(I104:AB104)/SUM(I103:AB103), 1), 0) -> 1 | I103: 1 | J103: 1 | AC103: 0 | AD103: 0 | AE103: 0 | AF103: 0 | AG103: 0 | AH103: 0 | AI103: 0 | AJ103: 0 | AK103: 0 | AL103: 0 | AM103: 0 | AN103: 0 | AO103: 0 | AP103: 0 | AQ103: 0 | AR103: 0 | AS103: 0 | AT103: 0 | AU103: 0 | AV103: 0 | AW103: 0 | AX103: 0 | AY103: 0 | AZ103: 0 | BA103: 0 | BB103: 0 | BC103: 0 | BD103: 0 | BE103: 0 | BF103: 0 | BG103: 0 | BH103: 0 | BI103: 0 | BJ103: 0 | BK103: 0 | BL103: 0 | BM103: 0 | BN103: 0 | BO103: 0 | BP103: 0 | BQ103: 0 | BR103: 0 | BS103: 0 | BT103: 0 | BU103: 0 | BV103: 0 | BW103: 0 | BX103: 0 | BY103: 0 | BZ103: 0 | CA103: 0 | CB103: 0 | CC103: 0 | CD103: 0 | CE103: 0 | CF103: 0 | CG103: 0 | CH103: 0 | CI103: 0 | CJ103: 0 | CK103: 0 | CL103: 0 | CM103: 0 | CN103: 0 | CO103: 0 | CP103: 0 | CQ103: 0 | CR103: 0 | CS103: 0 | CT103: 0 | CU103: 0 | CV103: 0 | CW103: 0 | CX103: 0 | CY103: 0 | CZ103: 0 | DA103: 0 | DB103: 0 | DC103: 0 | DD103: 0 | DE103: 0 | DF103: 0 | DG103: 0 | DH103: 0 | DI103: 0 | DJ103: 0 | DK103: 0 | DL103: 0 | DM103: 0 | DN103: 0 | DO103: 0 | DP103: 0 | DQ103: 0 | DR103: 0 | DS103: 0 | DT103: 0 | DU103: 0 | DV103: 0 | DW103: 0 | DX103: 0 | DY103: 0 | DZ103: 0 | EA103: 0 | EB103: 0 | EC103: 0 | ED103: 0 | EE103: 0 | EF103: 0 | EG103: 0 | EH103: 0 | EI103: 0 | EJ103: 0 | EK103: 0 | EL103: 0 | EM103: 0 | EN103: 0 | EO103: 0 | EP103: 0 | EQ103: 0 | ER103: 0 | ES103: 0 | ET103: 0 | EU103: 0 | EV103: 0 | EW103: 0 | EX103: 0 | EY103: 0 | EZ103: 0 | FA103: 0 | FB103: 0 | FC103: 0 | FD103: 0 | FE103: 0 | FF103: 0 | FG103: 0 | FH103: 0 | FI103: 0 | FJ103: 0 | FK103: 0 | FL103: 0 | FM103: 0 | FN103: 0 | FO103: 0 | FP103: 0 | FQ103: 0 | FR103: 0 | FS103: 0 | FT103: 0 | FU103: 0 | FV103: 0 | FW103: 0 | FX103: 0 | FY103: 0 | FZ103: 0 | GA103: 0 | GB103: 0 | GC103: 0 | GD103: 0 | GE103: 0 | GF103: 0 | GG103: 0 | GH103: 0 | GI103: 0 | GJ103: 0 | GK103: 0 | GL103: 0 | GM103: 0 | GN103: 0 | GO103: 0 | GP103: 0 | GQ103: 0 | GR103: 0 | GS103: 0 | GT103: 0 | GU103: 0 | GV103: 0 | GW103: 0 | GX103: 0 | GY103: 0 | GZ103: 0 | HA103: 0 | HB103: 0 | HC103: 0 | HD103: 0 | HE103: 0 | HF103: 0 | HG103: 0 | HH103: 0 | HI103: 0 | HJ103: 0 | HK103: 0 | HL103: 0 | HM103: 0 | HN103: 0 | HO103: 0 | HP103: 0 | HQ103: 0 | HR103: 0 | HS103: 0 | HT103: 0 | HU103: 0 | HV103: 0 | HW103: 0 | HX103: 0 | HY103: 0 | HZ103: 0 | IA103: 0 | IB103: 0 | IC103: 0 | ID103: 0 | IE103: 0 | IF103: 0 | IG103: 0 | IH103: 0 | II103: 0 | IJ103: 0 | IK103: 0 | IL103: 0 | IM103: 0 | IN103: 0 | IO103: 0 | IP103: 0 | IQ103: 0 | IR103: 0 | IS103: 0 | IT103: 0 | IU103: 0 | IV103: 0 | IW103: 0 | IX103: 0 | IY103: 0 | IZ103: 0 | JA103: 0 | JB103: 0 | JC103: 0 | JD103: 0 | JE103: 0 | JF103: 0 | JG103: 0 | JH103: 0 | JI103: 0 | JJ103: 0 | JK103: 0 | JL103: 0 | JM103: 0 | JN103: 0 | JO103: 0 | JP103: 0 | JQ103: 0 | JR103: 0 | JS103: 0 | JT103: 0 | JU103: 0 | JV103: 0 | JW103: 0 | JX103: 0 | JY103: 0 | JZ103: 0 | KA103: 0 | KB103: 0 | KC103: 0 | KD103: 0 | KE103: 0 | KF103: 0 | KG103: 0 | KH103: 0 | KI103: 0 | KJ103: 0 | KK103: 0 | KL103: 0 | KM103: 0 | KN103: 0 | KO103: 0 | KP103: 0 | KQ103: 0 | KR103: 0 | KS103: 0 | KT103: 0 | KU103: 0 | KV103: 0 | KW103: 0 | KX103: 0 | KY103: 0 | KZ103: 0 | LA103: 0 | LB103: 0 | LC103: 0 | LD103: 0 | LE103: 0 | LF103: 0 | LG103: 0 | LH103: 0 | LI103: 0 | LJ103: 0 | LK103: 0 | LL103: 0 | LM103: 0 | LN103: 0 | LO103: 0 | LP103: 0 | LQ103: 0 | LR103: 0 | LS103: 0 | LT103: 0 | LU103: 0 | LV103: 0 | LW103: 0 | LX103: 0 | LY103: 0 | LZ103: 0 | MA103: 0 | MB103: 0 | MC103: 0 | MD103: 0 | ME103: 0
G104: 실행 | I104: 1 | J104: 1
...

Sheet Stage
B1: ▣ [A3 LD-PJT] Stage SW 제작 Master Plan
B2: 작성자 : 님
B3: Module | C3: Item | D3: 상세 항목 | E3: 비고 | F3: 진행률 | G3: 26' 6월 | K3: 26' 7월 | O3: 26' 8월 | S3: 26' 9월 | W3: 26' 10월
G4: 1주 | H4: 2주 | I4: 3주 | J4: 4주 | K4: 1주 | L4: 2주 | M4: 3주 | N4: 4주 | O4: 1주 | P4: 2주 | Q4: 3주 | R4: 4주 | S4: 1주 | T4: 2주 | U4: 3주 | V4: 4주 | W4: 1주 | X4: 2주 | Y4: 3주 | Z4: 4주
B5: STAGE | C5: 공통 - 사양협의 | D5: 요구사항 분석 및 컨셉 확인 | E5: 계획 | F5: =IFERROR(MIN(SUM(G6:Z6)/SUM(G5:Z5), 1), 0) -> 1 | G5: 1 | H5: 1 | I5: 1 | J5: 1 | K5: 1 | L5: 1 | M5: 1 | N5: 1 | O5: 1 | P5: 1
E6: 실적 | G6: 1 | H6: 1 | I6: 1 | J6: 1 | K6: 1 | L6: 1 | M6: 1 | N6: 1 | O6: 1 | P6: 1
C7: Driver 개발 | D7: LDS Driver 및 제어 (Optex, Keyence) | E7: 계획 | F7: =IFERROR(MIN(SUM(G8:Z8)/SUM(G7:Z7), 1), 0) -> 1 | I7: 1 | J7: 1 | K7: 1 | P7: 1 | Q7: 1 | R7: 1
E8: 실적 | I8: 1 | J8: 1 | K8: 1 | P8: 1 | Q8: 1 | R8: 1
D9: ACS Driver 및 제어 | E9: 계획 | F9: =IFERROR(MIN(SUM(G10:Z10)/SUM(G9:Z9), 1), 0) -> 1 | J9: 1 | K9: 1 | L9: 1
E10: 실적 | J10: 1 | K10: 1 | L10: 1
D11: Melsec Driver 및 제어 | E11: 계획 | F11: =IFERROR(MIN(SUM(G12:Z12)/SUM(G11:Z11), 1), 0) -> 1 | K11: 1 | L11: 1 | M11: 1
E12: 실적 | K12: 1 | L12: 1 | M12: 1
D13: Accura Driver 및 제어 | E13: 계획 | F13: =IFERROR(MIN(SUM(G14:Z14)/SUM(G13:Z13), 1), 0) -> 1 | L13: 1 | M13: 1
E14: 실적 | L14: 1 | M14: 1
D15: T50 Driver 및 제어 | E15: 계획 | F15: =IFERROR(MIN(SUM(G16:Z16)/SUM(G15:Z15), 1), 0) -> 1 | L15: 1 | M15: 1
E16: 실적 | L16: 1 | M16: 1
C17: Commuinication | D17: Process I/F | E17: 계획 | F17: =IFERROR(MIN(SUM(G18:Z18)/SUM(G17:Z17), 1), 0) -> 1 | M17: 1 | N17: 1 | O17: 1
E18: 실적 | M18: 1 | N18: 1 | O18: 1
D19: PLC I/F | E19: 계획 | F19: =IFERROR(MIN(SUM(G20:Z20)/SUM(G19:Z19), 1), 0) -> 1 | N19: 1 | O19: 1 | P19: 1
E20: 실적 | N20: 1 | O20: 1 | P20: 1
D21: Vision I/F | E21: 계획 | F21: =IFERROR(MIN(SUM(G22:Z22)/SUM(G21:Z21), 1), 0) -> 1 | N21: 1 | O21: 1
E22: 실적 | N22: 1 | O22: 1
C23: GUI | D23: UI Main | E23: 계획 | F23: =IFERROR(MIN(SUM(G24:Z24)/SUM(G23:Z23), 1), 0) -> 1 | P23: 1 | Q23: 1 | R23: 1
E24: 실적 | P24: 1 | Q24: 1 | R24: 1
D25: UI Manual | E25: 계획 | F25: =IFERROR(MIN(SUM(G26:Z26)/SUM(G25:Z25), 1), 0) -> 1 | Q25: 1 | R25: 1
E26: 실적 | Q26: 1 | R26: 1
D27: UI Function | E27: 계획 | F27: =IFERROR(MIN(SUM(G28:Z28)/SUM(G27:Z27), 1), 0) -> 1 | R27: 1 | S27: 1 | T27: 1
E28: 실적 | R28: 1 | S28: 1 | T28: 1
D29: UI Config | E29: 계획 | F29: =IFERROR(MIN(SUM(G30:Z30)/SUM(G29:Z29), 1), 0) -> 1 | R29: 1 | S29: 1 | T29: 1 | U29: 1
E30: 실적 | R30: 1 | S30: 1 | T30: 1 | U30: 1
C31: 알고리즘 개발 | D31: PTW 평탄 | E31: 계획 | F31: =IFERROR(MIN(SUM(G32:Z32)/SUM(G31:Z31), 1), 0) -> 1 | Q31: 1 | R31: 1
E32: 실적 | Q32: 1 | R32: 1
D33: ACS Mapping 및 Interferrometer 자동화 | E33: 계획 | F33: =IFERROR(MIN(SUM(G34:Z34)/SUM(G33:Z33), 1), 0) -> 1 | S33: 1 | T33: 1 | U33: 1 | V33: 1
E34: 실적 | S34: 1 | T34: 1 | U34: 1 | V34: 1
C35: Simulation Test | D35: Funtion 기능 및 Dryrun | E35: 계획 | F35: =IFERROR(MIN(SUM(G36:Z36)/SUM(G35:Z35), 1), 0) -> 0.75 | S35: 1 | T35: 1 | U35: 1 | V35: 1 | W35: 1 | X35: 1 | Y35: 1 | Z35: 1
E36: 실적 | S36: 1 | T36: 1 | U36: 1 | V36: 1 | W36: 1 | X36: 1
C37: Manual Operation | D37: Manual 동작(각 축별, IO 동작) | E37: 계획 | F37: =IFERROR(MIN(SUM(G38:Z38)/SUM(G37:Z37), 1), 0) -> 0.75 | O37: 1 | P37: 1 | Q37: 1 | R37: 1
E38: 실적 | O38: 1 | P38: 1 | Q38: 1
C39: Semi-Auto | D39: 단위 동작(Load, Chuck, Pin 등) | E39: 계획 | F39: =IFERROR(MIN(SUM(G40:Z40)/SUM(G39:Z39), 1), 0) -> 1 | O39: 1 | P39: 1 | Q39: 1 | R39: 1 | S39: 1 | T39: 1 | U39: 1 | V39: 1
E40: 실적 | O40: 1 | P40: 1 | Q40: 1 | R40: 1 | S40: 1 | T40: 1 | U40: 1 | V40: 1
C41: Auto | D41: Auto Run Sequence | E41: 계획 | F41: =IFERROR(MIN(SUM(G42:Z42)/SUM(G41:Z41), 1), 0) -> 0.66666667 | U41: 1 | V41: 1 | W41: 1 | X41: 1 | Y41: 1 | Z41: 1
E42: 실적 | U42: 1 | V42: 1 | W42: 1 | X42: 1
C43: Interlock | D43: HW/SW Interlock | E43: 계획 | F43: =IFERROR(MIN(SUM(G44:Z44)/SUM(G43:Z43), 1), 0) -> 0.6 | K43: 1 | L43: 1 | M43: 1 | Y43: 1 | Z43: 1
E44: 실적 | K44: 1 | L44: 1 | M44: 1
C45: Alarm | D45: Warning Alarm | E45: 계획 | F45: =IFERROR(MIN(SUM(G46:Z46)/SUM(G45:Z45), 1), 0) -> 0.6 | N45: 1 | O45: 1 | P45: 1 | Y45: 1 | Z45: 1
E46: 실적 | N46: 1 | O46: 1 | P46: 1
B105: VISION | C105: 공통 - 사양협의 | D105: 설비 운용 컨셉 확인
C107: Driver 적용 및 개발 | D107: 카메라 (PreAlign, FineAlign, Review) 제어
D109: 조명 (Align, Review) 제어
D111: ATF 모듈 제어
D113: Melsec 제어
D115: Halcon 제어
D117: ACS (Read 用) 제어
C119: 통신 | D119: Melsec
D121: Process PC - Vision PC
C123: GUI | D123: UI Main
D125: UI Review
D127: UI I/O
D129: UI LOG
D131: UI Config
C133: 알고리즘 적용 및 개발 | D133: Align 검사 알고리즘
D135: Chuck / DeChuck 검사 알고리즘
D137: 2nd Align 검사 알고리즘
D139: Distortion Mark 검사 알고리즘
D141: Review 검사 알고리즘 (Target & Hole)
C143: Manual 제어 | D143: Manual 시나리오 제어
C145: Auto 제어 | D145: Auto 시나리오 동작 제어
C147: Interlock Safety 제어 | D147: Interlock / Safety 동작 제어
C149: Alarm 제어 | D149: Alarm 동작 제어
C151: Simulation Test | D151: Simulation Test

Sheet Vision
B1: ▣ [A3 LD-PJT] Vision SW 제작 Master Plan
B2: 작성자 : 님
B3: Module | C3: Item | D3: 상세 항목 | E3: 비고 | F3: 진행률 | G3: 26' 6월 | K3: 26' 7월 | O3: 26' 8월 | S3: 26' 9월 | W3: 26' 10월
G4: 1주 | H4: 2주 | I4: 3주 | J4: 4주 | K4: 1주 | L4: 2주 | M4: 3주 | N4: 4주 | O4: 1주 | P4: 2주 | Q4: 3주 | R4: 4주 | S4: 1주 | T4: 2주 | U4: 3주 | V4: 4주 | W4: 1주 | X4: 2주 | Y4: 3주 | Z4: 4주
B5: VISION | C5: 공통 - 사양협의 | D5: 설비 운용 컨셉 확인 | E5: 계획 | F5: =IFERROR(MIN(SUM(G6:Z6)/SUM(G5:Z5), 1), 0) -> 1 | G5: 1 | H5: 1
E6: 실적 | G6: 1 | H6: 1
C7: Driver 적용 및 개발 | D7: 카메라 (PreAlign, FineAlign, Review) 제어 | E7: 계획 | F7: =IFERROR(MIN(SUM(G8:Z8)/SUM(G7:Z7), 1), 0) -> 1 | H7: 1 | I7: 1 | J7: 1 | K7: 1 | Q7: 1 | R7: 1
E8: 실적 | H8: 1 | I8: 1 | J8: 1 | K8: 1 | S8: 1 | T8: 1
D9: 조명 (Align, Review) 제어 | E9: 계획 | F9: =IFERROR(MIN(SUM(G10:Z10)/SUM(G9:Z9), 1), 0) -> 0.83333333 | J9: 1 | K9: 1 | L9: 1 | M9: 1 | V9: 1 | W9: 1
E10: 실적 | J10: 1 | K10: 1 | L10: 1 | M10: 1 | V10: 1
D11: ATF 모듈 제어 | E11: 계획 | F11: =IFERROR(MIN(SUM(G12:Z12)/SUM(G11:Z11), 1), 0) -> 0.25 | U11: 1 | V11: 1 | W11: 1 | X11: 1
E12: 실적 | V12: 1
D13: Melsec 제어 | E13: 계획 | F13: =IFERROR(MIN(SUM(G14:Z14)/SUM(G13:Z13), 1), 0) -> 0.66666667 | J13: 1 | K13: 1 | W13: 1
E14: 실적 | J14: 1 | K14: 1
D15: Halcon 제어 | E15: 계획 | F15: =IFERROR(MIN(SUM(G16:Z16)/SUM(G15:Z15), 1), 0) -> 1 | L15: 1 | M15: 1 | N15: 1 | O15: 1
E16: 실적 | L16: 1 | M16: 1 | N16: 1 | O16: 1
D17: ACS (Read 用) 제어 | E17: 계획 | F17: =IFERROR(MIN(SUM(G18:Z18)/SUM(G17:Z17), 1), 0) -> 0.5 | V17: 1 | W17: 1
E18: 실적 | V18: 1
C19: 통신 | D19: Melsec | E19: 계획 | F19: =IFERROR(MIN(SUM(G20:Z20)/SUM(G19:Z19), 1), 0) -> 0.5 | K19: 1 | W19: 1
E20: 실적 | K20: 1
D21: Process PC - Vision PC | E21: 계획 | F21: =IFERROR(MIN(SUM(G22:Z22)/SUM(G21:Z21), 1), 0) -> 0.75 | N21: 1 | O21: 1 | P21: 1 | Q21: 1
E22: 실적 | N22: 1 | O22: 1 | P22: 1
C23: GUI | D23: UI Main | E23: 계획 | F23: =IFERROR(MIN(SUM(G24:Z24)/SUM(G23:Z23), 1), 0) -> 0.88235294 | H23: 1 | I23: 1 | J23: 1 | K23: 1 | L23: 1 | M23: 1 | N23: 1 | O23: 1 | P23: 1 | Q23: 1 | R23: 1 | S23: 1 | T23: 1 | U23: 1 | V23: 1 | W23: 1 | X23: 1
E24: 실적 | H24: 1 | I24: 1 | J24: 1 | K24: 1 | L24: 1 | M24: 1 | N24: 1 | O24: 1 | P24: 1 | Q24: 1 | R24: 1 | S24: 1 | T24: 1 | U24: 1 | V24: 1
D25: UI Review | E25: 계획 | F25: =IFERROR(MIN(SUM(G26:Z26)/SUM(G25:Z25), 1), 0) -> 0.6 | O25: 1 | P25: 1 | Q25: 1 | R25: 1 | S25: 1 | T25: 1 | U25: 1 | V25: 1 | W25: 1 | X25: 1
E26: 실적 | O26: 1 | P26: 1 | S26: 1 | T26: 1 | U26: 1 | V26: 1
D27: UI I/O | E27: 계획 | F27: =IFERROR(MIN(SUM(G28:Z28)/SUM(G27:Z27), 1), 0) -> 1 | K27: 1 | L27: 1 | M27: 1
E28: 실적 | K28: 1 | L28: 1 | M28: 1
D29: UI LOG | E29: 계획 | F29: =IFERROR(MIN(SUM(G30:Z30)/SUM(G29:Z29), 1), 0) -> 0 | W29: 1 | X29: 1 | Y29: 1
E30: 실적
D31: UI Config | E31: 계획 | F31: =IFERROR(MIN(SUM(G32:Z32)/SUM(G31:Z31), 1), 0) -> 0 | W31: 1 | X31: 1 | Y31: 1
E32: 실적
C33: 알고리즘 적용 및 개발 | D33: Align 검사 알고리즘 | E33: 계획 | F33: =IFERROR(MIN(SUM(G34:Z34)/SUM(G33:Z33), 1), 0) -> 0.75 | N33: 1 | O33: 1 | P33: 1 | Q33: 1
E34: 실적 | Q34: 1 | S34: 1 | V34: 1
D35: Chuck / DeChuck 검사 알고리즘 | E35: 계획 | F35: =IFERROR(MIN(SUM(G36:Z36)/SUM(G35:Z35), 1), 0) -> 0 | T35: 1 | U35: 1 | V35: 1 | W35: 1
E36: 실적
D37: 2nd Align 검사 알고리즘 | E37: 계획 | F37: =IFERROR(MIN(SUM(G38:Z38)/SUM(G37:Z37), 1), 0) -> 0 | U37: 1 | V37: 1
E38: 실적
D39: Distortion Mark 검사 알고리즘 | E39: 계획 | F39: =IFERROR(MIN(SUM(G40:Z40)/SUM(G39:Z39), 1), 0) -> 0 | U39: 1 | V39: 1 | W39: 1 | X39: 1
E40: 실적
D41: Review 검사 알고리즘 (Target & Hole) | E41: 계획 | F41: =IFERROR(MIN(SUM(G42:Z42)/SUM(G41:Z41), 1), 0) -> 0.8 | O41: 1 | P41: 1 | Q41: 1 | R41: 1 | S41: 1 | T41: 1 | U41: 1 | V41: 1 | W41: 1 | X41: 1
E42: 실적 | O42: 1 | P42: 1 | Q42: 1 | R42: 1 | S42: 1 | T42: 1 | U42: 1 | V42: 1
C43: Manual 제어 | D43: Manual 시나리오 제어 | E43: 계획 | F43: =IFERROR(MIN(SUM(G44:Z44)/SUM(G43:Z43), 1), 0) -> 0.75 | T43: 1 | U43: 1 | V43: 1 | W43: 1
E44: 실적 | T44: 1 | U44: 1 | V44: 1
C45: Auto 제어 | D45: Auto 시나리오 동작 제어 | E45: 계획 | F45: =IFERROR(MIN(SUM(G46:Z46)/SUM(G45:Z45), 1), 0) -> 0.14285714 | T45: 1 | U45: 1 | V45: 1 | W45: 1 | X45: 1 | Y45: 1 | Z45: 1
E46: 실적 | V46: 1
C47: Interlock Safety 제어 | D47: Interlock / Safety 동작 제어 | E47: 계획 | F47: =IFERROR(MIN(SUM(G48:Z48)/SUM(G47:Z47), 1), 0) -> 0 | Y47: 1 | Z47: 1
E48: 실적
C49: Alarm 제어 | D49: Alarm 동작 제어 | E49: 계획 | F49: =IFERROR(MIN(SUM(G50:Z50)/SUM(G49:Z49), 1), 0) -> 0 | Y49: 1 | Z49: 1
E50: 실적
C51: Simulation Test | D51: Simulation Test | E51: 계획 | F51: =IFERROR(MIN(SUM(G52:Z52)/SUM(G51:Z51), 1), 0) -> 0.42857143 | T51: 1 | U51: 1 | V51: 1 | W51: 1 | X51: 1 | Y51: 1 | Z51: 1
E52: 실적 | T52: 1 | U52: 1 | V52: 1

Sheet Process
B1: ▣ [A3 LD-PJT] Process SW 제작 Master Plan
B2: 10/13 · 0c501c1 | 코드구현율 · 1D 개발안 · 1V 검증안 · 1V+ 27.1월
B3: Module | C3: Item | E3: 상세 항목 | F3: 비고 | G3: 진행률 | H3: 26' 6월 | L3: 26' 7월 | P3: 26' 8월 | T3: 26' 9월 | X3: 26' 10월 | AB3: 26' 11월 | AF3: 26' 12월
H4: 1주 | I4: 2주 | J4: 3주 | K4: 4주 | L4: 1주 | M4: 2주 | N4: 3주 | O4: 4주 | P4: 1주 | Q4: 2주 | R4: 3주 | S4: 4주 | T4: 1주 | U4: 2주 | V4: 3주 | W4: 4주 | X4: 1주 | Y4: 2주 | Z4: 3주 | AA4: 4주 | AB4: 1주 | AC4: 2주 | AD4: 3주 | AE4: 4주 | AF4: 1주 | AG4: 2주 | AH4: 3주 | AI4: 4주
B5: PROCESS | C5: 공통 - 사양협의 | E5: 고객사 기능요구 리스트 확정 (AM / MM / RD / IC / SS 요구사항 리뷰) | F5: 계획 | G5: 1 | H5: 1 | I5: 1 | J5: 1 | K5: 1 | L5: 1 | Z5: 1V | AA5: 1V
F6: 실적 | H6: 1 | I6: 1 | J6: 1 | K6: 1 | L6: 1
E7: 설비 Flow Chart / Auto / Manual / Review 운영 시나리오 확정 | F7: 계획 | G7: 1 | K7: 1 | L7: 1 | Z7: 1V | AA7: 1V
F8: 실적 | K8: 1 | L8: 1
C9: 좌표계 / 보정 컨셉 | E9: Design→Stage→Scanner GX/GY→Review 좌표계 정의 | F9: 계획 | G9: 1 | M9: 1 | N9: 1 | Z9: 1V | AA9: 1V
F10: 실적 | L10: 1 | M10: 1
E11: SW 전체 계층구조 및 각 역할에 대한 구조 설계 | F11: 계획 | G11: 1 | L11: 1 | M11: 1 | N11: 1 | Z11: 1V | AA11: 1V
F12: 실적 | K12: 1 | L12: 1 | M12: 1
C13: 데이터 통신 | E13: Process / Review 간 데이터 I/F (통신 프로토콜, Socket Rule 기준 정립) | F13: 계획 | G13: 0.75 | M13: 1 | N13: 1 | Z13: 1D | AA13: 1D | AI13: 1V+
F14: 실적 | M14: 1 | N14: 1 | O14: 1
C15: Config 문서 구조 | E15: CSV / JSON Parser 및 Config Repository 구현 (Interface / Motor / Setting Config 문서 확정) | F15: 계획 | G15: 0.75 | M15: 1 | N15: 1 | Z15: 1D | AA15: 1D | AB15: 1V
F16: 실적 | L16: 1 | M16: 1 | N16: 1
C17: Recipe/Data 구조 | E17: Recipe / Product / Correction / PowerMeter 구조 확정 (COMMON, PRODUCT, HEAD, SCAN, PROCESS, LASER 등) | F17: 계획 | G17: 1 | M17: 1 | N17: 1 | O17: 1 | P17: 1 | Q17: 1 | R17: 1 | Z17: 1V | AA17: 1V
F18: 실적 | M18: 1 | N18: 1 | O18: 1 | P18: 1 | Q18: 1
C19: Log/History 구조 | E19: Product / Interface / Recipe / UI Click Log 구조 구현 | F19: 계획 | G19: 0.75 | N19: 1 | O19: 1 | P19: 1 | Z19: 1D | AA19: 1D | AB19: 1V
F20: 실적 | P20: 1
C21: 통신 | E21: Serial / Socket 통신, Timeout / Retry / Polling / Melsec | F21: 계획 | G21: 0.75 | N21: 1 | O21: 1 | P21: 1 | Z21: 1D | AA21: 1D | AI21: 1V+
F22: 실적 | P22: 1 | Q22: 1
C23: Driver 개발 | E23: Scanner Driver 및 제어 : Automation1 Class, Automation1 Script 생성 | F23: 계획 | G23: 1 | O23: 1 | P23: 1 | Q23: 1 | R23: 1 | AI23: 1V+
F24: 실적 | N24: 1 | O24: 1 | P24: 1 | Q24: 1
E25: Sciprt 검증 : Script Coordinate / 예상 가공 Point Count 검증 | F25: 계획 | G25: =IFERROR((G27*2+G28*1+G29*0.5+G30*0.5)/4,0) -> 0.875 | Q25: 1 | R25: 1 | S25: 1 | T25: 1 | U25: 1 | Z25: 1D | AA25: 1D | AB25: 1V
F26: 실적 | Q26: 1 | R26: 1 | S26: 1 | T26: 1 | U26: 1 | V26: 1
E27: * PPID 파라미터 기반 가공좌표생성 | F27: 현황 | G27: 1 | H27: 구현완료(코드) | SW단위검증 10월3~4주(안) | PPID 값에서 Cell/Shot/Beam 및 Head 가공좌표를 계산
E28: * 고객사 Script 생성 좌표와 비교 검증 | F28: 현황 | G28: 0.5 | H28: 부분 구현 | SW단위검증 11월1주(안) | 생성 Script·좌표 로그 존재. 고객사 원본과의 합격 비교 기록은 별도
E29: * Masking조건 반영된 생성좌표 검증 | F29: 현황 | G29: 1 | H29: 구현완료(코드) | SW단위검증 10월3~4주(안) | Beam 마스킹과 Cell 모서리/홀 제외 판정 코드 구현
E30: * Chess 조건 반영된 생성좌표 검증 | F30: 현황 | G30: 1 | H30: 구현완료(코드) | SW단위검증 10월3~4주(안) | Chess 및 Pitch/Pixel 기반 Shot 중심 계산 구현
E31: Laser Driver 및 제어 : Talon ON/OFF, Gate, Shutter, Frequency, Power Set 구현 | F31: 계획 | G31: =IFERROR((G33*4+G34*0.5+G35*0.5+G36*0.5+G37*0.5+G38*0.5+G39*0.5)/7,0) -> 0.91071429 | Q31: 1 | R31: 1 | S31: 1 | T31: 1 | U31: 1 | Z31: 1D | AA31: 1D | AE31: 1V | AI31: 1V+
F32: 실적 | N32: 1 | R32: 1 | S32: 1 | T32: 1 | U32: 1
E33: * Driver 코드개발 | F33: 현황 | G33: 1 | H33: 구현완료(코드) | 실장장치검증 11월4주(안) | Laser 명령 및 상태 관리 Driver 경로 구현
E34: * Talon Laser Driver 통신 연결 및 초기화 상태 검증 | F34: 현황 | G34: 1 | H34: 구현완료(코드) | 실장장치검증 11월4주(안) | Talon 연결·초기 상태 조회 구현. 현장 합격 여부는 별도
E35: * Laser ON/OFF 명령 전송 및 실제 상태 피드백 검증 | F35: 현황 | G35: 1 | H35: 구현완료(코드) | 실장장치검증 11월4주(안) | Laser ON/OFF 명령과 피드백 표시 구현
E36: * Gate ON/OFF 및 Shutter Open/Close 동작·상태 검증 | F36: 현황 | G36: 1 | H36: 구현완료(코드) | 실장장치검증 11월4주(안) | Gate/Shutter 개별 명령·상태 표시 구현
E37: * Frequency, Power 설정값 범위 및 장비 Readback 값 비교 | F37: 현황 | G37: 0.75 | H37: 대부분 구현 | 실장장치검증 11월4주(안) | Frequency/Power 입력·명령·상태 표시 존재. 전 항목 자동 Readback 판정 일부
E38: * PPID/Recipe의 Laser 설정값이 가공 전 정상 반영되는지 검증 | F38: 현황 | G38: 0.5 | H38: 부분 구현 | 실가공검증 2027년1월3주 이후(안) | ATT/BET 준비와 Head Script 파라미터 존재. Laser 조건 일괄 설정·확인 추가 필요
E39: * 통신 Timeout, Interlock 미충족, 비정상 응답 시 Alarm 및 복구 동작 검증 | F39: 현황 | G39: 0.5 | H39: 부분 구현 | 실가공검증 2027년1월3주 이후(안) | 통신 예외·정지 복귀 존재. 전체 Laser Interlock/복구 흐름은 미완성
E40: Optic별 Driver 및 제어 : ATT / BET / PowerMeter / XPS Class 구현 | F40: 계획 | G40: =IFERROR((G42*5+G43*0.5+G44*0.5+G45*0.5+G46*0.5+G47*0.5+G48*0.5+G49*0.5+G50*0.5)/9,0) -> 0.91666667 | R40: 1 | S40: 1 | T40: 1 | U40: 1 | Z40: 1D | AA40: 1D | AE40: 1V
F41: 실적 | N41: 1 | R41: 1 | S41: 1 | T41: 1 | U41: 1
E42: * Driver 코드개발 | F42: 현황 | G42: 1 | H42: 구현완료(코드) | 실장장치검증 11월4주(안) | ATT/BET/PowerMeter/XPS Driver 관리 경로 구현
E43: * Optic별 Driver 통신 연결, 초기화 및 장비 ID 매칭 검증 | F43: 현황 | G43: 1 | H43: 구현완료(코드) | 실장장치검증 11월4주(안) | 장치별 연결 설정·번호·상태 관리 구현
E44: * ATT 원점복귀, 목표 각도 이동, 현재 위치 및 상·하한 Limit 검증 | F44: 현황 | G44: 1 | H44: 구현완료(코드) | 실장장치검증 11월4주(안) | ATT 유한값·Min/Max 검사와 목표 도착 판정 구현
E45: * BET 원점복귀, 목표 위치 이동 및 실제 위치 피드백 검증 | F45: 현황 | G45: 1 | H45: 구현완료(코드) | 실장장치검증 11월4주(안) | BET 목표 이동·폴링·도착 공차/Timeout 구현
E46: * PowerMeter 측정값 수신, 단위, 유효범위, 반복 측정 및 평균값 검증 | F46: 현황 | G46: 0.75 | H46: 대부분 구현 | 실장장치검증 11월4주(안) | 측정 파워·단위·평균 처리 존재. 센서 무효값/반복성 전 조건 확인 필요
E47: * XPS Class의 Servo ON/OFF, Home, 절대이동, 정지 및 상태 확인 검증 | F47: 현황 | G47: 0.75 | H47: 대부분 구현 | 실장장치검증 11월4주(안) | XPS 상태·이동 명령 경로 존재. 요구 축 전체 Servo/Home/Stop 확인 필요
E48: * Head별 Optic 선택과 개별 명령이 다른 Head에 영향을 주지 않는지 검증 | F48: 현황 | G48: 0.75 | H48: 대부분 구현 | 실장장치검증 11월4주(안) | Head별 장치 선택·번호 매핑 구현. 타 Head 영향은 실장 검증 필요
E49: * 설정값 저장·재로딩 및 명령값과 실제 장비 Readback 값 비교 검증 | F49: 현황 | G49: 0.75 | H49: 대부분 구현 | 실장장치검증 11월4주(안) | 설정 저장·재로드 및 상태 표시 존재. 전 장치 자동 Readback 판정 일부
E50: * 통신 단절, 이동 실패, Limit 초과 및 장비 Alarm 발생 시 복구 동작 검증 | F50: 현황 | G50: 0.5 | H50: 부분 구현 | 실장장치검증 11월4주(안) | Timeout·오류·Stop 처리 존재. 장치별 자동 복구 정책은 일부
C51: UI 개발 | E51: 상단 Interface 상태, Sequence 진행률, Safety, Head Map, Auto Start/Stop | F51: 계획 | G51: =IFERROR((G53*1+G54*1+G55*1+G56*1+G57*1)/5,0) -> 0.65 | T51: 1 | U51: 1 | V51: 1 | Z51: 1D | AA51: 1D | AG51: 1V
F52: 실적 | T52: 1
E53: * PLC/CIM/Stage/Vision/Scanner/Optics Interface 연결상태 실시간 표시 | F53: 현황 | G53: 0.75 | H53: 대부분 구현 | 실장축검증 12월2주(안) | Interface 상태 화면 구현. CIM 실제 Host Handshake는 일부 미연결
E54: * 현재 Sequence Step, 진행률, Glass ID, PPID 및 작업상태 표시 | F54: 현황 | G54: 1 | H54: 구현완료(코드) | 실장축검증 12월2주(안) | Step·진행 상태·Glass/Recipe 정보를 Snapshot으로 표시
E55: * Door/E-Stop/Laser/Servo 등 Safety 및 Interlock 상태 표시 | F55: 현황 | G55: 0.25 | H55: 기반만 구현 | 실장축검증 12월2주(안) | Safety 규칙은 존재하나 Station/Alarm에 IO=[] 전달로 실제 신호 평가 누락
E56: * Head별 Use/Ready/Run/Alarm 상태를 Head Map에 구분 표시 | F56: 현황 | G56: 0.75 | H56: 대부분 구현 | 실장축검증 12월2주(안) | Head Use/Run·Script 상태 표시. 전체 Head Ready/Alarm 실장 연계 확인 필요
E57: * Auto Start/Stop/Cycle Stop/Reset 버튼의 활성조건 및 명령동작 검증 | F57: 현황 | G57: 0.5 | H57: 부분 구현 | 실장축검증 12월2주(안) | Auto Start/Stop/Reset 구현. Cycle Stop 안전 정지 정책은 미확인
E58: Scanner / Stage / Vision / Optics 단위동작 Manual 화면 | F58: 계획 | G58: =IFERROR((G60*1+G61*1+G62*1+G63*1+G64*1)/5,0) -> 0.65 | Q58: 1 | R58: 1 | S58: 1 | T58: 1 | U58: 1 | V58: 1 | Z58: 1D | AA58: 1D | AG58: 1V
F59: 실적 | Q59: 1 | R59: 1 | S59: 1
E60: * Scanner Head 선택, GX/GY 이동 | F60: 현황 | G60: 1 | H60: 구현완료(코드) | 실장축검증 12월2주(안) | 선택 Head GX/GY 상대·절대 이동 구현
E61: * Stage Servo ON/OFF, Home, Jog, 절대이동 및 현재위치 표시 | F61: 현황 | G61: 0.5 | H61: 부분 구현 | 실장축검증 12월2주(안) | Stage 현재 위치/목표 쓰기 존재. 이동 Req/도착 Handshake는 미완성
E62: * Align/Review 측정 및 결과표시 기능 검증 | F62: 현황 | G62: 0.5 | H62: 부분 구현 | 실장축검증 12월2주(안) | Review 측정·결과 표시 존재. Stage/Review X 이동은 TODO
E63: * Laser/ATT/BET/PowerMeter/XPS/DOE Z 등 Optics 개별제어 검증 | F63: 현황 | G63: 0.75 | H63: 대부분 구현 | 실장축검증 12월2주(안) | Optics 개별 제어 및 DOE Z Script 이동 구현. 전 장치 조건 연동 일부
E64: * Auto 운전 중 Manual 조작금지 및 Safety 조건 연동 검증 | F64: 현황 | G64: 0.5 | H64: 부분 구현 | 실장축검증 12월2주(안) | 일부 Auto 중 조작 제한 존재. 모든 Manual 명령의 안전 조건 통합 추가 필요
E65: Recipe·Setting·Product·PM 화면 및 Parameter Grid | F65: 계획 | G65: =IFERROR((G67*2+G68*0.5+G69*0.5+G70*0.5+G71*1.5)/5,0) -> 0.9 | R65: 1 | S65: 1 | T65: 1 | Z65: 1D | AA65: 1D | AB65: 1V
F66: 실적 | R66: 1 | T66: 1
E67: * Recipe/Setting/Product/PM 데이터 조회·편집·저장 기능 검증 | F67: 현황 | G67: 1 | H67: 구현완료(코드) | SW단위검증 10월3~4주(안) | Recipe/Setting/Product/PM 화면과 저장·편집 경로 구현
E68: * Parameter Grid의 항목명, 설정값, 단위 및 설명 표시 검증 | F68: 현황 | G68: 1 | H68: 구현완료(코드) | SW단위검증 10월3~4주(안) | JHMI 항목명·단위·설명·값 표시 구조 구현
E69: * Parameter별 Min/Max 범위, 필수값 입력 검증 | F69: 현황 | G69: 0.75 | H69: 대부분 구현 | SW단위검증 11월1주(안) | 숫자·Min/Max 입력 검사 구현. 전 필수값·조건 조합 검사 일부
E70: * 변경값 Apply/Cancel 및 저장 후 재로딩 결과 검증 | F70: 현황 | G70: 1 | H70: 구현완료(코드) | SW단위검증 10월3~4주(안) | Apply/Cancel·Save 및 재로드 경로 구현
E71: * 변경이력 저장 검증 | F71: 현황 | G71: 0.75 | H71: 대부분 구현 | SW단위검증 11월1주(안) | Recipe 변경 로그 구현. 전 화면/전 파라미터 이력 범위 추가 확인
E72: PowerMeter / BET / Chiller / Laser / PicoMotor / I/O Motion Monitor Tab | F72: 계획 | G72: =IFERROR((G74*2+G75*0.5+G76*1+G77*0.5+G78*0.5+G79*1.5)/6,0) -> 0.77083333 | S72: 1 | T72: 1 | U72: 1 | Z72: 1D | AA72: 1D | AE72: 1V | AG72: 1V
F73: 실적 | S73: 1
E74: * 각 항목에 대한 UI 구성 | F74: 현황 | G74: 1 | H74: 구현완료(코드) | 실장장치검증 11월4주(안) | 장치별 Monitor Tab UI 구성 구현
E75: * Device별 통신 연결, Ready, Run, Alarm 상태 실시간 표시 | F75: 현황 | G75: 0.75 | H75: 대부분 구현 | 실장장치검증 11월4주(안) | 장치 연결·실시간 폴링 상태 표시. 전 장치 Ready/Run/Alarm 조건 일부
E76: * 설정값·현재값·상태정보 매칭 검증 | F76: 현황 | G76: 0.75 | H76: 대부분 구현 | 실장장치검증 11월4주(안) | 설정/측정 Snapshot을 화면에 연결. 전 항목 매칭 실측 필요
E77: * PowerMeter 측정값, Chiller 온도, Laser 상태 등 주요 데이터 표시 | F77: 현황 | G77: 1 | H77: 구현완료(코드) | 실장장치검증 11월4주(안) | PowerMeter/Chiller/Laser 수신 상태 표시 구현
E78: * PicoMotor 위치, Motion Servo/Home/Limit 및 I/O ON/OFF 상태 표시 | F78: 현황 | G78: 0.5 | H78: 부분 구현 | 실장축검증 12월2주(안) | 축/PicoMotor 캐시 표시 존재. HW I/O 전항목 실장 연계 미완성
E79: * 통신 단절, 비정상 응답 및 재연결 시 화면과 Alarm 연동 검증 | F79: 현황 | G79: 0.5 | H79: 부분 구현 | 실장축검증 12월2주(안) | 단절 상태·오류 메시지 존재. 공통 Alarm/재접속 복구 일부
E80: Alarm, History/Trend, Log, Correction Monitor 화면 | F80: 계획 | G80: =IFERROR((G82*0.5+G83*1+G84*1+G85*1+G86*1.5)/5,0) -> 0.5 | T80: 1 | U80: 1 | V80: 1 | Z80: 1D | AA80: 1D | AG80: 1V | AI80: 1V+
F81: 실적 | S81: 1
E82: * 현재 Alarm 발생내용, 발생시각, 설비상태 및 해제조건 표시 | F82: 현황 | G82: 0.75 | H82: 대부분 구현 | 실장축검증 12월2주(안) | 현재 알람·시각·등급·Recovery 문구 구현. 확인/해제 정책 일부
E83: * Alarm/Sequence/Interface/Recipe 변경이력 조회 및 검색 검증 | F83: 현황 | G83: 0.25 | H83: 기반만 구현 | 실장축검증 12월2주(안) | Alarm History/Trend는 샘플 자료. 실제 통합 이력 조회 미연결
E84: * Power, Offset, Align 결과 등 주요 데이터 Trend 표시 검증 | F84: 현황 | G84: 0.25 | H84: 기반만 구현 | 실장축검증 12월2주(안) | Trend UI는 샘플. Power/Offset/Align 실적 시계열은 미연결
E85: * Log 기간·종류·Head·Glass ID별 검색 및 파일 저장 검증 | F85: 현황 | G85: 0.5 | H85: 부분 구현 | 실장축검증 12월2주(안) | 날짜별 파일 저장 존재. 기간/종류/Head/Glass 통합 검색 일부
E86: * Head/Cell별 보정 전후값, 누적 Offset 및 Tolerance 상태 표시 | F86: 현황 | G86: 0.75 | H86: 대부분 구현 | 실가공검증 2027년1월3주 이후(안) | Head/Cell Offset 표·적용 정보 존재. 전후·누적·Tolerance 완전 연계 일부
C87: Recipe 개발 | E87: Recipe List / Load / Save / Copy / Delete / Create / Rename | F87: 계획 | G87: =IFERROR((G89*2+G90*0.5+G91*0.5+G92*1+G93*1)/5,0) -> 0.9 | R87: 1 | S87: 1 | T87: 1 | Z87: 1D | AA87: 1D | AB87: 1V
F88: 실적 | S88: 1
E89: * Recipe 목록 조회, 검색, 선택 및 활성 Recipe 표시 검증 | F89: 현황 | G89: 1 | H89: 구현완료(코드) | SW단위검증 10월3~4주(안) | 목록·선택·활성 Recipe 표시 구현
E90: * Recipe Load/Save와 저장 후 Parameter 재로딩 결과 검증 | F90: 현황 | G90: 1 | H90: 구현완료(코드) | SW단위검증 10월3~4주(안) | Load/Save·파라미터 재로드 구현
E91: * 신규 생성, 복사, 이름변경 및 삭제 기능 검증 | F91: 현황 | G91: 1 | H91: 구현완료(코드) | SW단위검증 10월3~4주(안) | 신규/복사/이름변경/삭제 경로 구현
E92: * 중복 이름, 사용 중 Recipe, 기본 Recipe 삭제 방지 검증 | F92: 현황 | G92: 0.75 | H92: 대부분 구현 | SW단위검증 11월1주(안) | 이름 중복·운전 중 편집 제한 존재. 기본 Recipe 삭제 예외 범위 확인 필요
E93: * Recipe 변경이력, 작업자 및 변경시간 저장 검증 | F93: 현황 | G93: 0.75 | H93: 대부분 구현 | SW단위검증 11월1주(안) | 변경 로그 기록 존재. 작업자 식별·전체 변경 전후 범위 확인 필요
E94: PPID ↔ EQ Recipe Matching 및 Job Change 연계 | F94: 계획 | G94: =IFERROR((G96*1+G97*1+G98*1+G99*1+G100*1)/5,0) -> 0.4 | S94: 1 | T94: 1 | U94: 1 | AB94: 1D | AC94: 1D | AD94: 1D | AE94: 1D | AF94: 1V
F95: 실적
E96: * CIM에서 수신한 PPID와 EQ Recipe Mapping Table 비교 검증 | F96: 현황 | G96: 0.25 | H96: 기반만 구현 | SW단위검증 12월1주(안) | ONLINE_PPID 자료 존재. CIM Mapping Table Handshake 실행 경로 미확인
E97: * Mapping Recipe 존재 여부, 사용 가능상태 및 버전 일치 검증 | F97: 현황 | G97: 0.5 | H97: 부분 구현 | SW단위검증 12월1주(안) | 로컬 Recipe 존재·입력 검사 존재. RMS/버전 일치 검증 미연결
E98: * Job Change 시 Product/Recipe/Parameter 일괄 전환 검증 | F98: 현황 | G98: 0.5 | H98: 부분 구현 | SW단위검증 12월1주(안) | 로컬 Recipe→Preview/자료 갱신 구현. Host JobChange 일괄 확정은 미연결
E99: * 운전 중 Job Change 제한 및 안전 정지조건 검증 | F99: 현황 | G99: 0.5 | H99: 부분 구현 | SW단위검증 12월1주(안) | 운전 중 로컬 Recipe 편집 제한 존재. Host 전환 안전 정지 정책 추가 필요
E100: * Matching 실패, Recipe 미존재 및 불일치 시 Alarm·응답 검증 | F100: 현황 | G100: 0.25 | H100: 기반만 구현 | SW단위검증 12월1주(안) | 로컬 실패 메시지/예외 존재. CIM NAK/ACK/Timeout 전용 응답 미연결
...

Sheet PLC
B1: ▣ [A3 LD-PJT] Stage SW 제작 Master Plan
B2: 작성자 : 님
B3: Module | C3: Item | D3: 상세 항목 | E3: 비고 | F3: 진행률 | G3: 26' 6월 | K3: 26' 7월 | O3: 26' 8월 | S3: 26' 9월 | W3: 26' 10월 | AB3: 26' 11월 | AF3: 26' 12월
G4: 1주 | H4: 2주 | I4: 3주 | J4: 4주 | K4: 1주 | L4: 2주 | M4: 3주 | N4: 4주 | O4: 1주 | P4: 2주 | Q4: 3주 | R4: 4주 | S4: 1주 | T4: 2주 | U4: 3주 | V4: 4주 | W4: 1주 | X4: 2주 | Y4: 3주 | Z4: 4주 | AA4: 5주 | AB4: 1주 | AC4: 2주 | AD4: 3주 | AE4: 4주 | AF4: 1주 | AG4: 2주 | AH4: 3주 | AI4: 4주
B5: PLC | C5: 공통 - 사양협의 | D5: HW 사양 검토 | E5: 계획 | F5: =IFERROR(MIN(SUM(G6:AA6)/SUM(G5:AA5), 1), 0) -> 1 | G5: 1 | H5: 1 | I5: 1 | J5: 1 | K5: 1 | L5: 1 | M5: 1 | N5: 1
E6: 실적 | G6: 1 | H6: 1 | I6: 1 | J6: 1 | K6: 1 | L6: 1 | M6: 1 | N6: 1
D7: Network Layout & Map 초안 작성 | E7: 계획 | F7: =IFERROR(MIN(SUM(G8:AA8)/SUM(G7:AA7), 1), 0) -> 1 | K7: 1 | L7: 1 | M7: 1 | N7: 1
E8: 실적 | K8: 1 | L8: 1 | M8: 1 | N8: 1
D9: Function List 정리 | E9: 계획 | F9: =IFERROR(MIN(SUM(G10:AA10)/SUM(G9:AA9), 1), 0) -> 1 | M9: 1 | N9: 1 | O9: 1 | P9: 1 | Q9: 1 | R9: 1
E10: 실적 | M10: 1 | N10: 1 | O10: 1 | P10: 1 | Q10: 1 | R10: 1
C11: Manual | D11: Baking 프로그램 준비 | E11: 계획 | F11: =IFERROR(MIN(SUM(G12:AA12)/SUM(G11:AA11), 1), 0) -> 1 | P11: 1 | Q11: 1
E12: 실적 | P12: 1 | Q12: 1
D13: Vacuum Valve | E13: 계획 | F13: =IFERROR(MIN(SUM(G14:AA14)/SUM(G13:AA13), 1), 0) -> 1 | S13: 1 | T13: 1
E14: 실적 | S14: 1 | T14: 1
D15: Servo Motion | E15: 계획 | F15: =IFERROR(MIN(SUM(G16:AA16)/SUM(G15:AA15), 1), 0) -> 0.5 | T15: 1 | U15: 1
E16: 실적 | T16: 1
D17: Parts 통신 (ESC, Chiller) | E17: 계획 | F17: =IFERROR(MIN(SUM(G18:AA18)/SUM(G17:AA17), 1), 0) -> 0 | U17: 1 | V17: 1
E18: 실적
D19: LD 내부 Interface (Vision, Stage 등) | E19: 계획 | F19: =IFERROR(MIN(SUM(G20:AA20)/SUM(G19:AA19), 1), 0) -> 0 | W19: 1 | X19: 1
E20: 실적
D21: LD 외부 Interface (TR 등) | E21: 계획 | F21: =IFERROR(MIN(SUM(G22:AA22)/SUM(G21:AA21), 1), 0) -> 0 | Z21: 1 | AA21: 1
E22: 실적
C23: Semi-Auto | D23: Vacuum (Pumping, Vent, Regen) | E23: 계획 | F23: =IFERROR(MIN(SUM(G24:AA24)/SUM(G23:AA23), 1), 0) -> 0 | U23: 1 | V23: 1 | W23: 1
E24: 실적
D25: PreAlign, Chuck, Dechuck | E25: 계획 | F25: =IFERROR(MIN(SUM(G26:AA26)/SUM(G25:AA25), 1), 0) -> 0 | V25: 1 | W25: 1 | X25: 1 | Y25: 1
E26: 실적
D27: Load, Unload, Exchange | E27: 계획 | F27: =IFERROR(MIN(SUM(G28:AA28)/SUM(G27:AA27), 1), 0) -> 0 | X27: 1 | Y27: 1 | Z27: 1
E28: 실적
C29: Auto | D29: Auto Run Sequence | E29: 계획 | F29: =IFERROR(MIN(SUM(G30:AA30)/SUM(G29:AA29), 1), 0) -> 0 | Y29: 1 | Z29: 1 | AA29: 1
E30: 실적
C31: Cim, MCC | D31: Cim 및 MCC 보고 | E31: 계획 | F31: =IFERROR(MIN(SUM(G32:AA32)/SUM(G31:AA31), 1), 0) -> 0 | AB31: 1 | AC31: 1
E32: 실적
C33: GUI | D33: GUI 프로그램 준비 | E33: 계획 | F33: =IFERROR(MIN(SUM(G34:AA34)/SUM(G33:AA33), 1), 0) -> 0 | S33: 1 | T33: 1 | U33: 1 | V33: 1 | W33: 1 | X33: 1 | Y33: 1 | Z33: 1 | AA33: 1 | AB33: 1 | AC33: 1
E34: 실적
F35: =SUM(F5:F34)/15 -> 0.36666667
B93: VISION | C93: 공통 - 사양협의 | D93: 설비 운용 컨셉 확인
C95: Driver 적용 및 개발 | D95: 카메라 (PreAlign, FineAlign, Review) 제어
D97: 조명 (Align, Review) 제어
D99: ATF 모듈 제어
D101: Melsec 제어
D103: Halcon 제어
D105: ACS (Read 用) 제어
C107: 통신 | D107: Melsec
D109: Process PC - Vision PC
C111: GUI | D111: UI Main
D113: UI Review
D115: UI I/O
D117: UI LOG
D119: UI Config
C121: 알고리즘 적용 및 개발 | D121: Align 검사 알고리즘
D123: Chuck / DeChuck 검사 알고리즘
D125: 2nd Align 검사 알고리즘
D127: Distortion Mark 검사 알고리즘
D129: Review 검사 알고리즘 (Target & Hole)
C131: Manual 제어 | D131: Manual 시나리오 제어
C133: Auto 제어 | D133: Auto 시나리오 동작 제어
C135: Interlock Safety 제어 | D135: Interlock / Safety 동작 제어
C137: Alarm 제어 | D137: Alarm 동작 제어
C139: Simulation Test | D139: Simulation Test
